Barcode,Cluster
AAACCTGAGGACTGGT.1,4
AAACCTGGTCATATCG.1,2
AAACCTGTCACCATAG.1,5
AAACGGGAGAGTCTGG.1,2
AAACGGGAGATGGGTC.1,5
AAACGGGAGCCAGGAT.1,2
AAACGGGAGGCAAAGA.1,5
AAACGGGCACAAGCCC.1,1
AAACGGGCAGACGCCT.1,4
AAACGGGCAGCCTTGG.1,5
AAACGGGCATCGATTG.1,1
AAACGGGCATCGTCGG.1,6
AAACGGGGTCACACGC.1,1
AAACGGGGTTCTGAAC.1,4
AAACGGGTCACTTCAT.1,5
AAACGGGTCTGTTTGT.1,1
AAAGATGAGTAGGCCA.1,1
AAAGATGCATGCATGT.1,2
AAAGATGGTACCATCA.1,1
AAAGATGGTACGCTGC.1,2
AAAGATGGTTGCGTTA.1,3
AAAGATGTCAGTGTTG.1,1
AAAGATGTCCGATATG.1,2
AAAGATGTCCGCGCAA.1,3
AAAGATGTCTATCGCC.1,3
AAAGCAAAGACAAGCC.1,3
AAAGCAAAGCCTTGAT.1,2
AAAGCAACATAGACTC.1,2
AAAGCAACATGAGCGA.1,4
AAAGCAAGTACCAGTT.1,5
AAAGCAAGTCGGCTCA.1,8
AAAGCAATCCTATGTT.1,2
AAAGCAATCGTCACGG.1,1
AAAGTAGAGACTAAGT.1,3
AAAGTAGAGGGTGTGT.1,10
AAAGTAGAGTACGTAA.1,3
AAAGTAGAGTGACATA.1,6
AAAGTAGAGTTGAGTA.1,3
AAAGTAGCACTCTGTC.1,5
AAAGTAGCATAGACTC.1,3
AAAGTAGGTCCTGCTT.1,1
AAAGTAGGTCGACTAT.1,9
AAAGTAGGTCTTTCAT.1,1
AAAGTAGTCGTCTGCT.1,5
AAATGCCAGATTACCC.1,6
AAATGCCAGCTGCGAA.1,7
AAATGCCAGTACACCT.1,1
AAATGCCCAATAGAGT.1,2
AAATGCCCAGATAATG.1,5
AAATGCCCAGCTGTGC.1,2
AAATGCCCAGTAAGAT.1,3
AAATGCCCATTTCACT.1,4
AAATGCCGTCCCTACT.1,3
AAATGCCGTGTTTGGT.1,3
AACACGTAGCTGTTCA.1,2
AACACGTAGGTGCAAC.1,6
AACACGTCAAACAACA.1,7
AACACGTCAGCTGTTA.1,2
AACACGTCATACTCTT.1,2
AACACGTCATTATCTC.1,4
AACACGTCATTTGCTT.1,5
AACACGTGTACATGTC.1,1
AACACGTGTACCTACA.1,8
AACACGTGTATTCGTG.1,1
AACACGTGTCTACCTC.1,2
AACACGTGTTCAGACT.1,8
AACACGTGTTGCGTTA.1,4
AACACGTTCCAAGTAC.1,1
AACACGTTCTGTCCGT.1,5
AACCATGAGAGGTTAT.1,4
AACCATGAGATCCGAG.1,1
AACCATGCAGCTGTGC.1,10
AACCATGGTTATCCGA.1,6
AACCATGTCGCGATCG.1,1
AACCGCGAGCGTTTAC.1,1
AACCGCGAGTAACCCT.1,4
AACCGCGAGTGGAGAA.1,1
AACCGCGCATCCTAGA.1,2
AACCGCGGTGATAAGT.1,1
AACCGCGTCATCGGAT.1,3
AACCGCGTCCTCGCAT.1,1
AACCGCGTCTTGTTTG.1,2
AACGTTGCAATTGCTG.1,8
AACGTTGTCCGCAAGC.1,1
AACGTTGTCGGTGTTA.1,1
AACGTTGTCTAGCACA.1,7
AACTCAGAGAATTGTG.1,2
AACTCAGAGGATATAC.1,5
AACTCAGCAGCTATTG.1,7
AACTCAGCAGGACCCT.1,8
AACTCAGGTATATGAG.1,2
AACTCAGGTGAGGGTT.1,4
AACTCAGTCAGGCGAA.1,3
AACTCCCAGTTCGATC.1,4
AACTCCCGTATAAACG.1,4
AACTCCCGTCTCTTTA.1,9
AACTCCCGTGATGTCT.1,1
AACTCCCGTTGTGGAG.1,1
AACTCCCTCTATCCTA.1,1
AACTCCCTCTCACATT.1,3
AACTCTTAGCAATATG.1,6
AACTCTTAGGCCGAAT.1,7
AACTCTTCAAGCGATG.1,4
AACTCTTCAATCCAAC.1,1
AACTCTTCACAGACAG.1,2
AACTCTTCACTATCTT.1,1
AACTCTTTCCCAAGAT.1,1
AACTCTTTCCTAGGGC.1,4
AACTGGTAGAATAGGG.1,4
AACTGGTAGCGATTCT.1,9
AACTGGTCAATGTAAG.1,6
AACTGGTCATCGGAAG.1,1
AACTGGTGTAATCACC.1,4
AACTGGTTCATTGCCC.1,4
AACTTTCAGCACACAG.1,4
AACTTTCCACTACAGT.1,4
AACTTTCGTCGATTGT.1,1
AACTTTCGTCGCTTTC.1,2
AACTTTCGTGACGGTA.1,3
AACTTTCGTGGAAAGA.1,2
AACTTTCTCAACACTG.1,1
AAGACCTAGTGCAAGC.1,4
AAGACCTCAATGGATA.1,4
AAGACCTCAGACGCCT.1,2
AAGACCTCAGCTGCAC.1,6
AAGACCTGTCTGCCAG.1,2
AAGACCTTCCCAACGG.1,3
AAGACCTTCGTCACGG.1,3
AAGACCTTCTCGTTTA.1,2
AAGACCTTCTGATTCT.1,7
AAGCCGCAGAGGTTGC.1,4
AAGCCGCAGCCATCGC.1,3
AAGCCGCCATGCGCAC.1,4
AAGCCGCGTCAAGCGA.1,4
AAGCCGCTCCGAATGT.1,2
AAGGAGCAGGCGACAT.1,2
AAGGAGCCAAATTGCC.1,2
AAGGAGCCATGGTTGT.1,2
AAGGAGCGTTGAGTTC.1,4
AAGGAGCGTTGCGTTA.1,1
AAGGAGCTCACAGGCC.1,5
AAGGAGCTCCCAAGAT.1,8
AAGGAGCTCTGACCTC.1,2
AAGGCAGAGAGGTTAT.1,3
AAGGCAGAGATATGCA.1,2
AAGGCAGAGGGTTTCT.1,10
AAGGCAGAGTATGACA.1,3
AAGGCAGCACAAGCCC.1,3
AAGGCAGCATACCATG.1,4
AAGGCAGCATTGAGCT.1,10
AAGGCAGGTGAGCGAT.1,5
AAGGCAGTCAACGGCC.1,2
AAGGCAGTCTTTCCTC.1,6
AAGGTTCAGAAACCGC.1,6
AAGGTTCCACGACTCG.1,5
AAGGTTCCACGTCAGC.1,4
AAGGTTCCATCCTTGC.1,8
AAGGTTCGTAACGTTC.1,4
AAGGTTCGTACATCCA.1,2
AAGGTTCGTCCATCCT.1,1
AAGGTTCGTGTTCTTT.1,4
AAGGTTCTCATCTGTT.1,2
AAGGTTCTCCACGAAT.1,3
AAGGTTCTCGAGCCCA.1,1
AAGGTTCTCGTAGGTT.1,6
AAGTCTGAGAGTACAT.1,7
AAGTCTGCAGAGCCAA.1,1
AAGTCTGGTGAAATCA.1,3
AAGTCTGGTGCCTGCA.1,2
AAGTCTGGTTCCGGCA.1,1
AAGTCTGTCCGGGTGT.1,3
AAGTCTGTCGTGGACC.1,6
AATCCAGAGAACAATC.1,3
AATCCAGAGAGCTTCT.1,1
AATCCAGAGATAGGAG.1,5
AATCCAGAGCAGCGTA.1,2
AATCCAGCAGGTTTCA.1,6
AATCCAGCATTGGGCC.1,1
AATCCAGGTTAGATGA.1,8
AATCCAGTCCGATATG.1,1
AATCGGTAGCACGCCT.1,1
AATCGGTTCAACTCTT.1,1
ACACCAAAGTGCGTGA.1,2
ACACCAACAGTGACAG.1,1
ACACCAACATCTGGTA.1,1
ACACCAAGTCTAAACC.1,3
ACACCAAGTCTTGATG.1,5
ACACCAATCACGCATA.1,5
ACACCAATCCACTCCA.1,4
ACACCAATCTTTAGTC.1,1
ACACCCTAGGGCTCTC.1,1
ACACCCTGTCTCAACA.1,4
ACACCCTGTGTGTGCC.1,3
ACACCCTTCCGATATG.1,2
ACACCGGAGCATGGCA.1,1
ACACCGGAGGTGCTTT.1,1
ACACCGGCAGTCCTTC.1,2
ACACCGGCATGTCTCC.1,1
ACACCGGTCAGAGGTG.1,9
ACACCGGTCGTAGGTT.1,2
ACACTGAAGTAGCCGA.1,2
ACACTGAGTAGATTAG.1,2
ACACTGAGTCAAGCGA.1,1
ACACTGAGTCAATACC.1,3
ACACTGAGTCGAGATG.1,7
ACAGCCGAGCGATAGC.1,2
ACAGCCGAGCTACCGC.1,4
ACAGCCGCACAACTGT.1,1
ACAGCCGCAGCTGGCT.1,2
ACAGCCGGTCCCGACA.1,5
ACAGCCGTCACAGTAC.1,5
ACAGCCGTCAGAGACG.1,4
ACAGCCGTCCTCATTA.1,2
ACAGCCGTCGGCGGTT.1,2
ACAGCTAAGGGCATGT.1,4
ACAGCTAAGTGTACCT.1,5
ACAGCTACAGGTGGAT.1,4
ACAGCTAGTAGCCTAT.1,3
ACAGCTAGTGTGACCC.1,1
ACAGCTATCCGTACAA.1,2
ACATACGAGAACAACT.1,6
ACATACGAGACTGTAA.1,1
ACATACGCAAACGTGG.1,4
ACATACGCAACTGCTA.1,5
ACATACGCAGCTGTGC.1,3
ACATACGCAGTGGGAT.1,7
ACATACGGTTCTGTTT.1,9
ACATCAGAGCGACGTA.1,3
ACATCAGAGTCGCCGT.1,2
ACATCAGGTCGGCACT.1,3
ACATCAGGTCTTCTCG.1,5
ACATCAGTCAGTCCCT.1,5
ACATGGTAGAATGTTG.1,5
ACATGGTAGGTAGCCA.1,4
ACATGGTCAATAACGA.1,4
ACATGGTCACAGACAG.1,3
ACATGGTCACATGTGT.1,5
ACATGGTCACCATCCT.1,2
ACATGGTCATGGGACA.1,5
ACATGGTCATTGTGCA.1,1
ACATGGTGTGCTGTAT.1,3
ACATGGTTCAAGATCC.1,1
ACATGGTTCACTTATC.1,2
ACCAGTAAGGATGGTC.1,1
ACCAGTAAGGTGTTAA.1,9
ACCAGTAAGTGGTAAT.1,7
ACCAGTACACATGGGA.1,6
ACCAGTACAGGGCATA.1,1
ACCAGTAGTACAGTGG.1,5
ACCAGTAGTATCGCAT.1,2
ACCAGTATCCCACTTG.1,5
ACCAGTATCCCTTGTG.1,7
ACCCACTAGGGTCTCC.1,4
ACCCACTAGGTGTGGT.1,5
ACCCACTAGTGTGGCA.1,4
ACCCACTCACAAGTAA.1,4
ACCCACTCATATGGTC.1,2
ACCCACTGTCCTGCTT.1,4
ACCCACTGTTAAGAAC.1,6
ACCCACTGTTGACGTT.1,4
ACCCACTTCTGCGTAA.1,5
ACCGTAAAGAGATGAG.1,2
ACCGTAAAGAGCTTCT.1,4
ACCGTAAAGTCTCCTC.1,4
ACCGTAAAGTGATCGG.1,1
ACCGTAACAGATGGCA.1,1
ACCGTAAGTGAGTGAC.1,3
ACCGTAAGTTCCACAA.1,2
ACCGTAATCAGGTTCA.1,10
ACCGTAATCTGTCCGT.1,4
ACCTTTAAGCGCCTCA.1,7
ACCTTTACAAGAGTCG.1,2
ACCTTTACAAGCCGCT.1,1
ACCTTTATCATTCACT.1,1
ACCTTTATCGGACAAG.1,3
ACCTTTATCTGCGTAA.1,2
ACGAGCCGTACGCTGC.1,1
ACGAGCCGTATGGTTC.1,3
ACGAGCCGTGGTACAG.1,1
ACGAGCCTCACGGTTA.1,4
ACGAGCCTCAGTTTGG.1,2
ACGAGCCTCCAACCAA.1,1
ACGAGGAAGACCCACC.1,6
ACGAGGAAGAGGTACC.1,2
ACGAGGAAGCGTCTAT.1,6
ACGAGGAAGGAATCGC.1,2
ACGAGGACAATCTGCA.1,1
ACGAGGACACTACAGT.1,5
ACGAGGAGTCCGACGT.1,3
ACGAGGAGTCTCATCC.1,5
ACGAGGAGTTTACTCT.1,9
ACGAGGATCCGCAAGC.1,3
ACGAGGATCGTCGTTC.1,5
ACGATACAGACACGAC.1,8
ACGATACAGGTGCTTT.1,3
ACGATACAGTTACCCA.1,2
ACGATACTCTTACCGC.1,1
ACGATGTAGCACGCCT.1,5
ACGATGTGTAGCGCAA.1,3
ACGATGTGTATATCCG.1,1
ACGATGTGTATTCTCT.1,1
ACGATGTGTGCAGGTA.1,2
ACGATGTTCCACGACG.1,5
ACGATGTTCCATGAAC.1,2
ACGATGTTCCCGACTT.1,1
ACGCAGCAGACGCAAC.1,3
ACGCAGCAGCCATCGC.1,3
ACGCAGCAGTTTCCTT.1,9
ACGCAGCCAAAGTCAA.1,5
ACGCAGCTCAAAGTAG.1,2
ACGCAGCTCACCTCGT.1,3
ACGCAGCTCTGGTTCC.1,4
ACGCCAGAGACCCACC.1,1
ACGCCAGAGCCCTAAT.1,6
ACGCCAGCATAGTAAG.1,1
ACGCCAGGTCTAGTCA.1,3
ACGCCAGGTGATGATA.1,3
ACGCCAGTCATAAAGG.1,1
ACGCCAGTCATGTGGT.1,1
ACGCCAGTCTTGCAAG.1,1
ACGCCGAAGAACTGTA.1,10
ACGCCGAAGTACGCCC.1,1
ACGCCGAAGTGGACGT.1,4
ACGCCGACACAAGACG.1,4
ACGCCGACACTAGTAC.1,10
ACGCCGACAGCTGTAT.1,10
ACGCCGACATTCACTT.1,2
ACGCCGAGTCAAAGCG.1,3
ACGCCGAGTTCGCGAC.1,3
ACGCCGATCAACGGGA.1,2
ACGCCGATCAAGATCC.1,4
ACGCCGATCAGAAATG.1,3
ACGCCGATCCGCAGTG.1,2
ACGCCGATCTGCAAGT.1,4
ACGGAGAAGAAGCCCA.1,5
ACGGAGAAGAGACGAA.1,4
ACGGAGAAGGATTCGG.1,7
ACGGAGACAAGCTGGA.1,4
ACGGAGACACCATCCT.1,3
ACGGAGAGTAGTAGTA.1,5
ACGGAGAGTCACCTAA.1,5
ACGGAGATCAGAAATG.1,4
ACGGAGATCCTTGCCA.1,5
ACGGAGATCGAGCCCA.1,9
ACGGCCAAGAAGGGTA.1,3
ACGGCCAAGAGTCTGG.1,3
ACGGCCAAGCGTCTAT.1,1
ACGGCCAAGCTCCCAG.1,2
ACGGCCAGTAAGAGGA.1,4
ACGGCCAGTACTCTCC.1,2
ACGGCCAGTCAGAATA.1,4
ACGGCCAGTTGAGTTC.1,1
ACGGCCATCCACGACG.1,8
ACGGCCATCTCCTATA.1,5
ACGGCCATCTTGAGGT.1,6
ACGGGCTAGACTGTAA.1,2
ACGGGCTAGGAGTAGA.1,2
ACGGGCTAGTTTGCGT.1,2
ACGGGCTCAGATGAGC.1,4
ACGGGCTGTAGTGAAT.1,3
ACGGGTCAGAATTGTG.1,1
ACGGGTCCAACACCCG.1,2
ACGGGTCCAGTGAGTG.1,4
ACGGGTCCATGCTAGT.1,1
ACGGGTCCATTGGTAC.1,2
ACGGGTCGTCTAGAGG.1,6
ACGGGTCGTCTTGATG.1,4
ACGGGTCGTGCGGTAA.1,4
ACGGGTCTCGGACAAG.1,5
ACGGGTCTCGGCGCAT.1,3
ACGTCAACAAGTCTAC.1,6
ACGTCAAGTTAAAGTG.1,9
ACGTCAATCGGTTAAC.1,1
ACTATCTAGGTAGCTG.1,5
ACTATCTAGTGAAGAG.1,2
ACTATCTCACAGGCCT.1,2
ACTATCTCACCTATCC.1,1
ACTATCTCAGTACACT.1,1
ACTATCTGTAACGCGA.1,7
ACTATCTTCACCCTCA.1,5
ACTATCTTCCGCATAA.1,2
ACTATCTTCTTTCCTC.1,10
ACTGAACAGCCAACAG.1,4
ACTGAACCAACTGCTA.1,4
ACTGAACCAAGTCTAC.1,1
ACTGAACCAATGAATG.1,3
ACTGAACCACTCGACG.1,1
ACTGAACCAGCTGTTA.1,4
ACTGAACGTCCATCCT.1,1
ACTGAACGTTTGACAC.1,2
ACTGAACTCTCCAACC.1,5
ACTGAACTCTGATTCT.1,3
ACTGAGTAGATCCCAT.1,1
ACTGAGTAGGATGGAA.1,4
ACTGAGTAGGTGCACA.1,5
ACTGAGTAGTGATCGG.1,1
ACTGAGTCACGAAATA.1,2
ACTGAGTCATCTCCCA.1,1
ACTGAGTGTAGCCTCG.1,5
ACTGATGAGCTAGGCA.1,4
ACTGATGCAACGATCT.1,2
ACTGATGCAATGGTCT.1,10
ACTGATGCATTATCTC.1,3
ACTGATGGTAGCCTCG.1,1
ACTGATGGTTCCACGG.1,10
ACTGATGGTTCGCTAA.1,3
ACTGATGTCACATACG.1,1
ACTGATGTCACCTCGT.1,3
ACTGATGTCCCAAGAT.1,4
ACTGATGTCGAACGGA.1,4
ACTGATGTCTCGTTTA.1,5
ACTGATGTCTTCATGT.1,1
ACTGCTCAGCCCGAAA.1,5
ACTGCTCAGGCCCTTG.1,8
ACTGCTCCACACATGT.1,1
ACTGCTCCAGCCTTTC.1,3
ACTGCTCCATTAGCCA.1,3
ACTGCTCTCAACGAAA.1,1
ACTGCTCTCAATACCG.1,3
ACTGCTCTCGTTACAG.1,8
ACTGCTCTCTCAAACG.1,4
ACTGTCCAGCTCCTTC.1,1
ACTGTCCAGTCCTCCT.1,3
ACTGTCCCACTTCTGC.1,3
ACTGTCCCAGACGCAA.1,1
ACTGTCCCAGATAATG.1,5
ACTGTCCCATCCCACT.1,1
ACTGTCCGTGAGCGAT.1,7
ACTGTCCGTGATGTGG.1,4
ACTGTCCGTTCACGGC.1,1
ACTGTCCGTTTGGGCC.1,1
ACTGTCCTCATTTGGG.1,4
ACTTACTAGGCATGTG.1,3
ACTTACTCATCTACGA.1,5
ACTTACTGTCCAAGTT.1,1
ACTTACTGTCCAGTTA.1,5
ACTTACTGTCTCCCTA.1,1
ACTTGTTAGATGTAAC.1,2
ACTTGTTCAGATGAGC.1,3
ACTTGTTCATTAACCG.1,2
ACTTGTTGTAAGTAGT.1,1
ACTTGTTGTGGCCCTA.1,4
ACTTGTTGTGGTACAG.1,1
ACTTGTTGTTAAAGTG.1,3
ACTTGTTGTTCAGACT.1,3
ACTTGTTTCACCGGGT.1,1
ACTTGTTTCCTGCTTG.1,10
ACTTTCAAGAACAATC.1,1
ACTTTCAAGCTAACTC.1,1
ACTTTCAAGTCATGCT.1,8
ACTTTCACAATCTACG.1,1
ACTTTCACATTCGACA.1,6
ACTTTCACATTTCAGG.1,1
ACTTTCAGTAGCAAAT.1,7
ACTTTCAGTCACACGC.1,4
ACTTTCATCTGCTGTC.1,6
ACTTTCATCTTGGGTA.1,7
AGAATAGAGAACAACT.1,3
AGAATAGAGATGTAAC.1,2
AGAATAGCAGCGATCC.1,3
AGAATAGCAGTATAAG.1,1
AGAATAGGTACAAGTA.1,3
AGAATAGGTCAGAATA.1,8
AGAATAGGTCGCGGTT.1,5
AGAATAGTCCCTAATT.1,4
AGACGTTCACCACGTG.1,8
AGACGTTCACGGTTTA.1,7
AGACGTTCAGGACGTA.1,1
AGACGTTCATGCTGGC.1,9
AGACGTTGTAGCAAAT.1,5
AGACGTTGTATGGTTC.1,5
AGACGTTGTCTAGAGG.1,2
AGACGTTTCTCGGACG.1,7
AGAGCGAAGATGGCGT.1,6
AGAGCGACATCACGAT.1,3
AGAGCGACATGAGCGA.1,2
AGAGCGAGTCTAGCGC.1,3
AGAGCGAGTGCGGTAA.1,5
AGAGCGATCAGCACAT.1,4
AGAGCGATCGGAGCAA.1,1
AGAGCGATCTGCGGCA.1,1
AGAGCTTAGACAAGCC.1,1
AGAGCTTAGAGTTGGC.1,2
AGAGCTTCACGGATAG.1,1
AGAGCTTGTTCAGCGC.1,6
AGAGCTTTCACGACTA.1,4
AGAGTGGAGATGGGTC.1,5
AGAGTGGCAGCTGTTA.1,2
AGAGTGGCAGTATGCT.1,5
AGAGTGGCAGTGACAG.1,5
AGAGTGGGTCCAACTA.1,1
AGAGTGGTCAAGGTAA.1,9
AGATCTGAGAAACGCC.1,1
AGATCTGAGAACTGTA.1,2
AGATCTGGTGGTGTAG.1,6
AGATCTGGTTACGTCA.1,3
AGATCTGGTTGAGGTG.1,3
AGATCTGTCAACCATG.1,3
AGATCTGTCATACGGT.1,5
AGATCTGTCCAGAAGG.1,4
AGATTGCAGACAAAGG.1,5
AGATTGCAGAGCTGCA.1,1
AGATTGCCAGATAATG.1,9
AGATTGCGTGAGCGAT.1,2
AGATTGCGTGCATCTA.1,1
AGATTGCGTTCGTGAT.1,2
AGATTGCTCAATAAGG.1,4
AGATTGCTCGAGGTAG.1,1
AGCAGCCCAACTGCTA.1,2
AGCAGCCCATTAACCG.1,4
AGCAGCCGTCGTGGCT.1,6
AGCAGCCTCAATAAGG.1,3
AGCAGCCTCATAAAGG.1,2
AGCAGCCTCGCACTCT.1,2
AGCAGCCTCGTCGTTC.1,1
AGCATACAGAAACGCC.1,3
AGCATACAGAAGGACA.1,1
AGCATACAGACAGACC.1,6
AGCATACAGCTGCCCA.1,1
AGCATACAGTTTGCGT.1,8
AGCATACCATAGGATA.1,2
AGCATACGTATATGGA.1,5
AGCATACGTCGGGTCT.1,2
AGCATACGTTTGACTG.1,3
AGCATACTCCCAACGG.1,4
AGCATACTCTGCTGTC.1,4
AGCCTAAAGCACCGCT.1,4
AGCCTAAAGTGATCGG.1,5
AGCCTAAAGTGGCACA.1,4
AGCCTAACACCAGGCT.1,2
AGCCTAATCGCCCTTA.1,8
AGCCTAATCTCGCTTG.1,1
AGCCTAATCTGTCCGT.1,8
AGCGGTCAGCAGGTCA.1,4
AGCGGTCAGCGGCTTC.1,4
AGCGGTCCAATGGATA.1,3
AGCGGTCCAGATTGCT.1,1
AGCGGTCGTAAGGGCT.1,2
AGCGGTCGTGTGACCC.1,1
AGCGGTCGTTCCCTTG.1,5
AGCGGTCTCGGTGTCG.1,1
AGCGGTCTCTGTCTCG.1,3
AGCGTATAGACTTTCG.1,8
AGCGTATAGATGAGAG.1,1
AGCGTATAGTACGCCC.1,1
AGCGTATAGTATGACA.1,4
AGCGTATTCCTACAGA.1,4
AGCGTATTCTAGAGTC.1,9
AGCGTATTCTATCCCG.1,1
AGCGTCGAGACATAAC.1,5
AGCGTCGAGATGTAAC.1,9
AGCGTCGAGCATGGCA.1,1
AGCGTCGAGCTAAGAT.1,1
AGCGTCGAGTCCGTAT.1,1
AGCGTCGGTAGCGTGA.1,3
AGCGTCGGTTGAGGTG.1,1
AGCGTCGTCGACAGCC.1,1
AGCGTCGTCTGCTGCT.1,7
AGCGTCGTCTTAGAGC.1,4
AGCTCCTAGCAGCGTA.1,4
AGCTCCTAGCGTAATA.1,3
AGCTCCTCACGTGAGA.1,1
AGCTCCTCATAAGACA.1,1
AGCTCCTCATCACCCT.1,5
AGCTCCTCATCCAACA.1,5
AGCTCCTCATGTAAGA.1,2
AGCTCCTGTCCAAGTT.1,7
AGCTCCTGTGCCTGCA.1,8
AGCTCCTGTGTTTGGT.1,3
AGCTCCTTCAATACCG.1,5
AGCTCCTTCACAGTAC.1,6
AGCTCCTTCAGCACAT.1,5
AGCTCCTTCTCAAACG.1,3
AGCTCCTTCTTCCTTC.1,2
AGCTCTCAGTCCGGTC.1,2
AGCTCTCGTAGCTTGT.1,4
AGCTCTCGTCAAAGAT.1,1
AGCTCTCGTTGTCGCG.1,1
AGCTCTCTCCAAGCCG.1,7
AGCTTGAAGACACGAC.1,2
AGCTTGAAGCAACGGT.1,2
AGCTTGAAGGAGCGAG.1,5
AGCTTGACACATTTCT.1,3
AGCTTGACACCAGGCT.1,4
AGCTTGACAGATTGCT.1,5
AGCTTGACAGGGCATA.1,4
AGCTTGACATGTAAGA.1,7
AGCTTGAGTAGTAGTA.1,2
AGCTTGAGTTCAGGCC.1,4
AGCTTGATCGTAGGTT.1,2
AGCTTGATCGTTACAG.1,9
AGCTTGATCTGGTTCC.1,3
AGGCCACAGACGCTTT.1,4
AGGCCACAGATCGATA.1,1
AGGCCACGTAGCGATG.1,4
AGGCCACGTCAAAGCG.1,2
AGGCCACGTCGAACAG.1,4
AGGCCACGTCGCGAAA.1,3
AGGCCACGTCTCATCC.1,4
AGGCCACTCGGAAATA.1,5
AGGCCGTAGCATCATC.1,4
AGGCCGTCACCCAGTG.1,1
AGGCCGTCATAAAGGT.1,5
AGGCCGTTCACAACGT.1,4
AGGCCGTTCCCATTTA.1,6
AGGCCGTTCCGTCATC.1,5
AGGCCGTTCGGTGTCG.1,3
AGGCCGTTCGTATCAG.1,4
AGGCCGTTCTACCAGA.1,5
AGGGAGTAGGGTATCG.1,5
AGGGAGTAGTAATCCC.1,2
AGGGAGTCACATTTCT.1,2
AGGGAGTCATGCTGGC.1,2
AGGGAGTGTAATAGCA.1,4
AGGGAGTGTTAAGAAC.1,4
AGGGAGTGTTTGGGCC.1,5
AGGGATGAGACCCACC.1,2
AGGGATGCACAGCGTC.1,2
AGGGATGCATAAGACA.1,1
AGGGATGGTCGAGATG.1,3
AGGGATGTCAGCTCTC.1,2
AGGGATGTCGACGGAA.1,5
AGGGATGTCGTAGGAG.1,1
AGGGTGAAGCTATGCT.1,9
AGGGTGAAGGAATCGC.1,2
AGGGTGAAGGAGTCTG.1,7
AGGGTGAAGTCAAGCG.1,1
AGGGTGACACTTCTGC.1,5
AGGGTGAGTTAAAGTG.1,6
AGGGTGATCACTGGGC.1,2
AGGTCATAGACTGGGT.1,9
AGGTCATAGCCACGTC.1,2
AGGTCATGTACGAAAT.1,4
AGGTCATGTGCTAGCC.1,2
AGGTCATTCGTATCAG.1,9
AGGTCATTCTTATCTG.1,2
AGGTCATTCTTCGGTC.1,10
AGGTCCGAGACAATAC.1,4
AGGTCCGAGAGCTGGT.1,4
AGGTCCGAGAGTAATC.1,2
AGGTCCGAGCAGCGTA.1,2
AGGTCCGAGCCGGTAA.1,4
AGGTCCGCAAGAAAGG.1,4
AGGTCCGCAAGTAGTA.1,1
AGGTCCGGTCTCATCC.1,10
AGGTCCGGTGTATGGG.1,2
AGGTCCGTCCACTGGG.1,1
AGGTCCGTCCTCATTA.1,4
AGGTCCGTCGTTTAGG.1,5
AGTAGTCAGGACTGGT.1,1
AGTAGTCAGTTAGCGG.1,5
AGTAGTCCAAACCTAC.1,2
AGTAGTCCAATGGTCT.1,1
AGTAGTCGTAGCGCAA.1,2
AGTAGTCGTTCAGTAC.1,10
AGTAGTCTCACCTTAT.1,2
AGTAGTCTCAGCTCGG.1,6
AGTAGTCTCATGCTCC.1,3
AGTAGTCTCTGGTTCC.1,2
AGTCTTTCACACAGAG.1,2
AGTCTTTCACGGCGTT.1,4
AGTCTTTCACTGTGTA.1,8
AGTCTTTCAGGCAGTA.1,8
AGTCTTTCATCGGAAG.1,4
AGTCTTTGTACCGTTA.1,4
AGTCTTTGTTACCAGT.1,2
AGTCTTTGTTGAGGTG.1,7
AGTCTTTTCAAGAAGT.1,3
AGTCTTTTCAATCTCT.1,2
AGTCTTTTCACTCCTG.1,1
AGTGAGGAGATCCTGT.1,6
AGTGAGGAGCCCAGCT.1,1
AGTGAGGCAAAGCGGT.1,6
AGTGAGGCAAGACACG.1,3
AGTGAGGCACATCCAA.1,4
AGTGAGGCACTCAGGC.1,2
AGTGAGGCATAGTAAG.1,3
AGTGAGGCATTGGCGC.1,1
AGTGAGGGTCATGCCG.1,1
AGTGAGGGTTGACGTT.1,1
AGTGAGGTCTCCAGGG.1,4
AGTGGGAAGCGTAATA.1,6
AGTGGGAAGTTTAGGA.1,2
AGTGGGACAGACGTAG.1,1
AGTGGGAGTACGACCC.1,4
AGTGGGAGTGTTGAGG.1,2
AGTGGGATCCGGCACA.1,5
AGTGGGATCTTAGCCC.1,2
AGTGTCAAGACACTAA.1,5
AGTGTCAAGACATAAC.1,1
AGTGTCAAGATCCGAG.1,5
AGTGTCAAGCACCGTC.1,1
AGTGTCAAGCAGACTG.1,2
AGTGTCAAGTGGTAGC.1,10
AGTGTCACAAGCGATG.1,7
AGTGTCACAGCTGCAC.1,1
AGTGTCACATGCAACT.1,1
AGTGTCAGTACCATCA.1,3
AGTGTCAGTGTGTGCC.1,1
AGTGTCATCCGATATG.1,3
AGTGTCATCCGTCATC.1,5
AGTGTCATCCGTTGTC.1,7
AGTGTCATCGTGGACC.1,2
AGTGTCATCTGATACG.1,2
AGTTGGTAGAGCCTAG.1,5
AGTTGGTAGCACGCCT.1,2
AGTTGGTAGGCATGTG.1,1
AGTTGGTAGTTTAGGA.1,4
AGTTGGTCAGGTGCCT.1,2
AGTTGGTCAGTGACAG.1,6
AGTTGGTCATCGGACC.1,2
AGTTGGTGTTCGTTGA.1,1
AGTTGGTGTTTCCACC.1,1
AGTTGGTTCCCAAGAT.1,2
AGTTGGTTCGTTTAGG.1,3
AGTTGGTTCTGGTTCC.1,3
ATAACGCAGAAACGAG.1,6
ATAACGCAGAGCTGGT.1,5
ATAACGCAGGGCATGT.1,2
ATAACGCCACATTCGA.1,1
ATAACGCCATTGGCGC.1,4
ATAACGCGTAGCGCTC.1,2
ATAACGCGTCCTCCAT.1,3
ATAACGCTCACCAGGC.1,5
ATAACGCTCAGCCTAA.1,4
ATAACGCTCGCCATAA.1,3
ATAACGCTCTGCGACG.1,4
ATAAGAGAGCTGCAAG.1,2
ATAAGAGCACATCCAA.1,1
ATAAGAGTCGTAGGAG.1,4
ATAGACCCAAGGACTG.1,7
ATAGACCCAGTTAACC.1,6
ATAGACCGTTATGTGC.1,6
ATAGACCTCAGTCCCT.1,5
ATAGACCTCTACTTAC.1,3
ATCACGAAGGTGCACA.1,8
ATCACGAAGTGAAGAG.1,5
ATCACGAAGTGTTAGA.1,1
ATCACGACAATGGACG.1,1
ATCACGACATTCGACA.1,5
ATCACGAGTAGGAGTC.1,5
ATCACGATCCAAAGTC.1,1
ATCACGATCGATAGAA.1,4
ATCACGATCGCAAGCC.1,7
ATCACGATCGCCCTTA.1,3
ATCACGATCTAACTCT.1,1
ATCATCTAGTCGAGTG.1,2
ATCATCTCAAGAGGCT.1,4
ATCATCTCAAGGACAC.1,5
ATCATCTCACCGCTAG.1,2
ATCATGGAGGGATCTG.1,5
ATCATGGAGTACATGA.1,4
ATCATGGCACTAGTAC.1,1
ATCATGGTCAGCTGGC.1,9
ATCCACCAGATATGGT.1,8
ATCCACCAGTCATCCA.1,9
ATCCACCAGTCCATAC.1,1
ATCCACCGTATAGGGC.1,1
ATCCACCGTCCTCTTG.1,1
ATCCACCGTGGCAAAC.1,1
ATCCACCGTTCTGAAC.1,1
ATCCACCTCCGTTGCT.1,1
ATCCACCTCGCACTCT.1,6
ATCCACCTCGCCTGAG.1,6
ATCCGAAAGGGCATGT.1,3
ATCCGAACAGGATTGG.1,1
ATCCGAACATGTAGTC.1,7
ATCCGAAGTCGAAAGC.1,2
ATCCGAAGTGGTTTCA.1,1
ATCCGAATCGAATGGG.1,5
ATCCGAATCGAGAACG.1,6
ATCCGAATCGCTTGTC.1,4
ATCCGAATCGTTTATC.1,10
ATCGAGTAGACGCAAC.1,5
ATCGAGTAGTGAAGAG.1,4
ATCGAGTCACTATCTT.1,7
ATCGAGTGTCAGCTAT.1,1
ATCGAGTGTCTCATCC.1,10
ATCGAGTGTGCGCTTG.1,5
ATCGAGTTCCAAACTG.1,9
ATCGAGTTCCGCTGTT.1,2
ATCGAGTTCCTGCCAT.1,4
ATCGAGTTCTTGACGA.1,1
ATCTACTAGACTGGGT.1,4
ATCTACTAGAGTAAGG.1,1
ATCTACTAGCCACGCT.1,7
ATCTACTAGCTCCTCT.1,3
ATCTACTAGGTGCTTT.1,9
ATCTACTCAAGAAAGG.1,7
ATCTACTCAAGCGCTC.1,4
ATCTACTCACCTCGGA.1,1
ATCTACTCACGAAAGC.1,6
ATCTACTCAGGGAGAG.1,7
ATCTACTCATAAGACA.1,5
ATCTACTGTACCGCTG.1,4
ATCTACTGTAGCGCAA.1,3
ATCTACTGTTCCCTTG.1,1
ATCTACTGTTGTCTTT.1,2
ATCTACTTCATCATTC.1,4
ATCTACTTCCCAGGTG.1,5
ATCTACTTCGTTACGA.1,6
ATCTGCCAGAGGTACC.1,3
ATCTGCCAGCTAGCCC.1,1
ATCTGCCAGTGCCATT.1,4
ATCTGCCCAATGAATG.1,9
ATCTGCCCACCTATCC.1,10
ATCTGCCCACTGTTAG.1,4
ATCTGCCGTAGCTAAA.1,4
ATCTGCCGTGAAAGAG.1,2
ATCTGCCGTGATGATA.1,4
ATCTGCCTCATCGGAT.1,5
ATCTGCCTCCGTTGCT.1,2
ATCTGCCTCCTGCTTG.1,3
ATCTGCCTCTCTTATG.1,5
ATGAGGGAGACGACGT.1,1
ATGAGGGAGATGTCGG.1,2
ATGAGGGAGCGAGAAA.1,2
ATGAGGGCACATGTGT.1,2
ATGAGGGCACGGTTTA.1,1
ATGAGGGTCAGTCAGT.1,1
ATGAGGGTCCATTCTA.1,1
ATGAGGGTCCCTGACT.1,6
ATGAGGGTCCGAATGT.1,2
ATGAGGGTCCGTAGGC.1,10
ATGAGGGTCGACAGCC.1,1
ATGCGATAGGTGATTA.1,1
ATGCGATAGTACCGGA.1,6
ATGCGATCAGTATCTG.1,5
ATGCGATCATGGGAAC.1,1
ATGCGATTCCACTCCA.1,3
ATGCGATTCTCCCTGA.1,3
ATGGGAGCAAGCGATG.1,4
ATGGGAGCATCCTAGA.1,6
ATGGGAGGTGGTACAG.1,4
ATGGGAGGTTAAGACA.1,3
ATGGGAGTCACTCCTG.1,3
ATGGGAGTCAGTTAGC.1,1
ATGGGAGTCGCAAGCC.1,6
ATGGGAGTCTCGCATC.1,6
ATGTGTGAGGGAGTAA.1,1
ATGTGTGCAGGTTTCA.1,4
ATGTGTGCATCACGAT.1,5
ATGTGTGGTACCGGCT.1,2
ATTACTCAGTCGTACT.1,7
ATTACTCCAACGATCT.1,10
ATTACTCGTATGGTTC.1,5
ATTACTCGTCAACTGT.1,3
ATTACTCGTGACTACT.1,3
ATTACTCTCAGAGGTG.1,5
ATTACTCTCCGTCAAA.1,7
ATTACTCTCTCTGAGA.1,3
ATTATCCAGACTAAGT.1,1
ATTATCCCAGTACACT.1,6
ATTATCCGTAGGGTAC.1,7
ATTATCCGTTCACGGC.1,4
ATTATCCTCAACGGGA.1,3
ATTATCCTCTTGTATC.1,5
ATTCTACAGAAGCCCA.1,5
ATTCTACAGAGGGCTT.1,5
ATTCTACAGCGTAGTG.1,1
ATTCTACAGGGAGTAA.1,5
ATTCTACCATAGGATA.1,1
ATTCTACCATGAAGTA.1,2
ATTCTACGTACAGTTC.1,4
ATTCTACGTGAAGGCT.1,3
ATTCTACTCAATCTCT.1,1
ATTCTACTCAGAGACG.1,10
ATTCTACTCAGTACGT.1,5
ATTCTACTCTGACCTC.1,4
ATTGGACCATCTATGG.1,5
ATTGGACTCCGAAGAG.1,3
ATTGGACTCGTTACAG.1,1
ATTGGACTCTAACGGT.1,6
ATTGGTGAGCCAACAG.1,2
ATTGGTGAGTACGTTC.1,5
ATTGGTGCACATCTTT.1,2
ATTGGTGTCCTAGGGC.1,2
ATTTCTGAGCAACGGT.1,2
ATTTCTGAGTATCTCG.1,4
ATTTCTGCAGGCTGAA.1,3
ATTTCTGCAGGGCATA.1,4
ATTTCTGGTAGCGTAG.1,2
ATTTCTGGTGTGACGA.1,2
ATTTCTGGTTCAGACT.1,4
CAACCAAAGATCGGGT.1,2
CAACCAAAGGTACTCT.1,2
CAACCAACAAGGTGTG.1,1
CAACCAACATGTAGTC.1,2
CAACCAAGTAAGAGGA.1,6
CAACCAAGTACCATCA.1,1
CAACCAAGTCATATGC.1,3
CAACCAATCACTCCTG.1,5
CAACCTCAGACCTTTG.1,3
CAACCTCAGCTCTCGG.1,3
CAACCTCAGGCATGTG.1,3
CAACCTCAGTCTCCTC.1,1
CAACCTCCATGAACCT.1,6
CAACCTCGTCGCATCG.1,5
CAACCTCGTGAAAGAG.1,4
CAACCTCGTTAAGAAC.1,2
CAACCTCTCTGTCCGT.1,10
CAACTAGAGAAACGCC.1,3
CAACTAGAGATCCCGC.1,2
CAACTAGAGATCTGAA.1,1
CAACTAGCAAGCGTAG.1,4
CAACTAGCAATGTAAG.1,6
CAACTAGCACGACGAA.1,10
CAACTAGCACGAGAGT.1,3
CAACTAGGTATCTGCA.1,2
CAAGAAAAGGGCTCTC.1,3
CAAGAAACACCTCGTT.1,3
CAAGAAAGTTCCTCCA.1,2
CAAGAAATCACTATTC.1,7
CAAGAAATCTATCCTA.1,8
CAAGATCAGGACAGAA.1,6
CAAGATCAGGAGTCTG.1,1
CAAGATCAGGGTATCG.1,2
CAAGATCCACATTAGC.1,3
CAAGATCCACCATCCT.1,6
CAAGATCCACCCATGG.1,1
CAAGATCCACGACGAA.1,5
CAAGATCGTCGCGTGT.1,2
CAAGATCGTTCCACGG.1,4
CAAGATCTCGAGAGCA.1,2
CAAGATCTCGCTTGTC.1,3
CAAGATCTCTCTGAGA.1,2
CAAGGCCAGAGAACAG.1,4
CAAGGCCAGAGCTATA.1,5
CAAGGCCCACACAGAG.1,6
CAAGGCCCACGTCAGC.1,9
CAAGGCCCATGACGGA.1,2
CAAGGCCGTAGTAGTA.1,6
CAAGGCCGTGCAGTAG.1,5
CAAGGCCGTGGTCCGT.1,1
CAAGGCCTCAGAGACG.1,1
CAAGGCCTCTAACTCT.1,7
CAAGGCCTCTTGTACT.1,1
CAAGGCCTCTTTACAC.1,1
CAAGTTGGTTGATTGC.1,4
CAAGTTGTCACGCATA.1,4
CAAGTTGTCCCAGGTG.1,5
CACAAACAGATCGGGT.1,5
CACAAACAGTGAACGC.1,4
CACAAACCACTGTCGG.1,1
CACAAACGTCGTCTTC.1,8
CACAAACGTGAGTGAC.1,1
CACAAACGTGATAAAC.1,1
CACAAACGTGTCCTCT.1,3
CACAAACGTTCGTGAT.1,1
CACAAACGTTTGACTG.1,4
CACAAACTCAGCTTAG.1,1
CACAAACTCGGTGTCG.1,5
CACAAACTCGTGACAT.1,2
CACAAACTCTGAGTGT.1,4
CACAAACTCTGCAAGT.1,2
CACACAAAGAGGGATA.1,3
CACACAAAGGCAGGTT.1,5
CACACAACACCGGAAA.1,3
CACACAACACGACGAA.1,5
CACACAAGTTATGCGT.1,7
CACACAAGTTGGTAAA.1,1
CACACAATCACTTACT.1,1
CACACAATCGCACTCT.1,6
CACACCTCAGCTGTGC.1,6
CACACCTCATAGACTC.1,1
CACACCTGTGTTCGAT.1,1
CACACCTTCCTTAATC.1,2
CACACTCAGGCCCTTG.1,5
CACACTCAGGGAAACA.1,2
CACACTCAGTATCGAA.1,2
CACACTCAGTATTGGA.1,10
CACACTCCAGGTCCAC.1,8
CACACTCCATGCATGT.1,2
CACACTCCATTCCTGC.1,4
CACAGGCAGAAGGGTA.1,3
CACAGGCAGATGGCGT.1,4
CACAGGCAGCGAAGGG.1,1
CACAGGCAGCTTCGCG.1,3
CACAGGCAGGGTCGAT.1,6
CACAGGCCACATTCGA.1,4
CACAGGCCAGGGATTG.1,3
CACAGGCCAGGGTACA.1,3
CACAGGCCATCACGTA.1,8
CACAGGCGTATAATGG.1,1
CACAGGCGTGAGTATA.1,3
CACAGGCGTGCAACTT.1,6
CACAGGCGTGGGTCAA.1,2
CACAGGCTCAAGATCC.1,1
CACAGGCTCTCTAGGA.1,1
CACAGTAAGCCACCTG.1,4
CACAGTACAAACAACA.1,1
CACAGTACATGCGCAC.1,1
CACAGTAGTAAGGGCT.1,7
CACAGTAGTCGAGATG.1,1
CACAGTAGTTAAGGGC.1,8
CACAGTATCATTGCCC.1,1
CACAGTATCCGCTGTT.1,6
CACAGTATCCGGGTGT.1,8
CACATAGAGACTTGAA.1,1
CACATAGAGTGCTGCC.1,5
CACATAGCAAACCTAC.1,10
CACATAGCACGACGAA.1,4
CACATAGGTCTAGAGG.1,9
CACATAGTCATAGCAC.1,1
CACATTTAGAATTGTG.1,3
CACATTTCAGACGCCT.1,1
CACATTTCATAGTAAG.1,5
CACATTTCATTCCTGC.1,5
CACATTTCATTTCAGG.1,4
CACATTTGTAAGAGGA.1,1
CACATTTGTCTTGATG.1,6
CACATTTGTGACCAAG.1,1
CACCACTAGCGATGAC.1,3
CACCACTAGCGTTTAC.1,3
CACCACTAGGTGCACA.1,8
CACCACTAGTCCAGGA.1,4
CACCACTAGTGGTAGC.1,2
CACCACTCAACGCACC.1,2
CACCACTCACGAAGCA.1,2
CACCACTGTCAAAGAT.1,1
CACCACTGTCCATCCT.1,4
CACCACTGTCGGATCC.1,2
CACCACTTCCAAGTAC.1,6
CACCACTTCGACGGAA.1,1
CACCACTTCTAAGCCA.1,1
CACCACTTCTGCGGCA.1,4
CACCAGGCATTAACCG.1,2
CACCAGGGTCTACCTC.1,3
CACCAGGGTTAAGTAG.1,2
CACCAGGTCCCAAGTA.1,7
CACCTTGAGACCTAGG.1,6
CACCTTGCAACCGCCA.1,7
CACCTTGCACACCGAC.1,1
CACCTTGCATGCCCGA.1,5
CACCTTGTCAACGGGA.1,4
CACCTTGTCCGGCACA.1,8
CACTCCAAGTGAAGAG.1,6
CACTCCACAATGACCT.1,2
CACTCCAGTCAAAGAT.1,5
CACTCCAGTGCCTTGG.1,3
CACTCCAGTGGCAAAC.1,4
CACTCCATCTGGCGAC.1,1
CAGAATCCACTACAGT.1,5
CAGAATCCAGGATCGA.1,8
CAGAATCGTAGCGTCC.1,5
CAGAATCGTCGACTAT.1,6
CAGAATCTCATAGCAC.1,5
CAGAGAGAGAAGGTTT.1,3
CAGAGAGAGACATAAC.1,4
CAGAGAGAGAGTACCG.1,1
CAGAGAGAGCCCTAAT.1,5
CAGAGAGCAGCAGTTT.1,5
CAGAGAGGTAACGTTC.1,1
CAGAGAGGTCGAGATG.1,2
CAGAGAGTCTTCCTTC.1,2
CAGATCACAAACCCAT.1,1
CAGATCAGTAAGAGGA.1,3
CAGATCATCACGGTTA.1,5
CAGATCATCCCATTAT.1,5
CAGATCATCCTCAATT.1,2
CAGATCATCTGATACG.1,2
CAGCAGCAGAATAGGG.1,3
CAGCAGCAGCCAGTTT.1,1
CAGCAGCAGCGTTCCG.1,4
CAGCAGCAGCTAGTCT.1,5
CAGCAGCCAAGAGTCG.1,4
CAGCAGCCATCTATGG.1,3
CAGCAGCTCCTAGGGC.1,3
CAGCATAAGCCGGTAA.1,3
CAGCATAAGGCGACAT.1,5
CAGCATACAATGAAAC.1,3
CAGCATACATGGTCAT.1,3
CAGCATATCAACCATG.1,4
CAGCATATCCGCATCT.1,6
CAGCCGAAGCTCCTTC.1,5
CAGCCGAGTCCGTTAA.1,4
CAGCCGAGTGGGTATG.1,1
CAGCCGATCGAATCCA.1,10
CAGCGACAGTGAAGAG.1,2
CAGCGACCAGCCTTGG.1,6
CAGCGACGTCAAGCGA.1,2
CAGCGACGTCATGCCG.1,2
CAGCGACGTTCGGGCT.1,4
CAGCGACTCACGATGT.1,5
CAGCGACTCCCAAGTA.1,3
CAGCGACTCCGTCAAA.1,1
CAGCGACTCGCATGGC.1,6
CAGCGACTCGGTTCGG.1,10
CAGCGACTCTCGCTTG.1,4
CAGCTAAGTCTAGTCA.1,1
CAGCTAAGTCTCTCGT.1,1
CAGCTAAGTTATTCTC.1,10
CAGCTAATCCACGTGG.1,4
CAGCTGGCAAATCCGT.1,3
CAGCTGGCACTGTCGG.1,4
CAGCTGGGTCAACTGT.1,2
CAGCTGGGTCAATACC.1,4
CAGCTGGTCAGGTAAA.1,3
CAGCTGGTCTCTAGGA.1,1
CAGGTGCAGCAAATCA.1,4
CAGGTGCCAGTCACTA.1,4
CAGGTGCCATTCCTGC.1,5
CAGGTGCGTCGACTGC.1,4
CAGGTGCGTGTGGTTT.1,1
CAGTAACAGAACTGTA.1,3
CAGTAACAGCCATCGC.1,2
CAGTAACAGTCGAGTG.1,3
CAGTAACCAAAGCGGT.1,2
CAGTAACCACCAACCG.1,6
CAGTAACCATCTCGCT.1,2
CAGTAACGTACTCGCG.1,3
CAGTAACGTATGAATG.1,4
CAGTAACGTCAAAGCG.1,4
CAGTAACGTTCGCGAC.1,1
CAGTAACTCCAAACAC.1,5
CAGTAACTCCGCAAGC.1,1
CAGTCCTCAAACGCGA.1,6
CAGTCCTCACAACGTT.1,5
CAGTCCTCACACATGT.1,3
CAGTCCTCACCAGGTC.1,2
CAGTCCTCATACAGCT.1,1
CAGTCCTGTAAGGGAA.1,2
CAGTCCTGTTACGACT.1,4
CAGTCCTTCTCAAACG.1,5
CAGTCCTTCTCTTGAT.1,3
CATATGGAGCACACAG.1,10
CATATGGAGGCTCATT.1,6
CATATGGAGGGAAACA.1,2
CATATGGAGTCCCACG.1,6
CATATGGGTAGCGCTC.1,4
CATATGGGTTTAAGCC.1,1
CATATGGTCACGGTTA.1,1
CATATGGTCCGTCATC.1,7
CATATGGTCGCGCCAA.1,1
CATATGGTCTGCAAGT.1,4
CATATGGTCTTGCCGT.1,2
CATATTCAGGAGTACC.1,4
CATATTCCAAGTAGTA.1,1
CATATTCCAGCGATCC.1,4
CATATTCCAGTCCTTC.1,10
CATATTCCATACCATG.1,9
CATATTCCATTGCGGC.1,6
CATATTCGTCGGCATC.1,3
CATATTCGTTCCCGAG.1,5
CATATTCGTTTGCATG.1,1
CATATTCTCTGTTGAG.1,3
CATCAAGCAAACGTGG.1,1
CATCAAGCAAGGACTG.1,4
CATCAAGCAGCCTTGG.1,5
CATCAAGGTTCGTTGA.1,1
CATCAAGTCAAAGACA.1,9
CATCAGAAGTACCGGA.1,9
CATCAGAGTAGGAGTC.1,5
CATCAGAGTAGTGAAT.1,4
CATCCACAGAATCTCC.1,1
CATCCACAGCCACTAT.1,1
CATCCACAGCCAGTTT.1,3
CATCCACAGCTAAGAT.1,3
CATCCACAGCTAGTCT.1,8
CATCCACAGGAGCGTT.1,6
CATCCACAGGGTTTCT.1,4
CATCCACCACGAGGTA.1,3
CATCCACCATTCACTT.1,5
CATCCACGTAGTACCT.1,1
CATCCACGTAGTAGTA.1,2
CATCCACGTCTTCGTC.1,2
CATCCACGTTAAAGTG.1,2
CATCCACTCAACACTG.1,1
CATCCACTCCGAATGT.1,2
CATCCACTCCGCATAA.1,1
CATCCACTCGGCCGAT.1,5
CATCCACTCGTGACAT.1,5
CATCGAAAGCAGGCTA.1,5
CATCGAAAGTCCTCCT.1,5
CATCGAAAGTTGCAGG.1,6
CATCGAATCACGCATA.1,1
CATCGAATCTGGCGAC.1,1
CATCGAATCTGTTGAG.1,5
CATCGGGAGAGTAATC.1,4
CATCGGGAGTTGAGTA.1,4
CATCGGGCACGGTGTC.1,5
CATCGGGCATCAGTAC.1,9
CATCGGGCATTAGGCT.1,3
CATCGGGGTACTTGAC.1,1
CATCGGGGTCGATTGT.1,9
CATCGGGTCCCTAATT.1,3
CATCGGGTCCGCAAGC.1,3
CATGACAAGACGCTTT.1,6
CATGACAAGATGTTAG.1,1
CATGACACAGCCACCA.1,2
CATGACACATGGGAAC.1,1
CATGACAGTCTGGTCG.1,7
CATGACAGTTCCGTCT.1,1
CATGCCTAGTAGGTGC.1,2
CATGCCTCACAGCGTC.1,8
CATGCCTCACAGGTTT.1,3
CATGCCTCACCTGGTG.1,9
CATGCCTCAGACAAAT.1,7
CATGCCTCAGGTGCCT.1,4
CATGCCTCATCGGAAG.1,10
CATGCCTGTCCAGTTA.1,3
CATGCCTTCGAACTGT.1,1
CATGGCGAGAGTAAGG.1,2
CATGGCGAGCGTTTAC.1,2
CATGGCGCACCTCGGA.1,3
CATGGCGGTCAGTGGA.1,4
CATGGCGGTTCCTCCA.1,2
CATGGCGTCCTAAGTG.1,6
CATGGCGTCGCTAGCG.1,1
CATGGCGTCTTACCGC.1,1
CATTATCAGATGCCTT.1,4
CATTATCAGGGCATGT.1,4
CATTATCAGTGGGTTG.1,1
CATTATCCACAGAGGT.1,4
CATTATCCACGTTGGC.1,5
CATTATCCAGGTTTCA.1,4
CATTATCGTAGGGACT.1,5
CATTATCGTCATGCAT.1,4
CATTATCGTCCAACTA.1,9
CATTATCGTTTGACAC.1,2
CATTATCTCCAGTATG.1,9
CATTATCTCTTGTCAT.1,6
CATTCGCAGAGGTTAT.1,3
CATTCGCCAAAGGAAG.1,9
CATTCGCGTCATATCG.1,5
CATTCGCTCAAAGTAG.1,1
CATTCGCTCAGGCAAG.1,4
CATTCGCTCGCATGAT.1,1
CATTCGCTCGTACGGC.1,2
CCAATCCAGTGTCCCG.1,6
CCAATCCGTTATCACG.1,3
CCAATCCTCTAACTGG.1,2
CCAATCCTCTGGTTCC.1,2
CCACCTAAGCACAGGT.1,7
CCACCTACAGGTCCAC.1,6
CCACCTACATTAGGCT.1,4
CCACCTATCATGTCTT.1,2
CCACCTATCCCAAGAT.1,2
CCACCTATCCGCATAA.1,2
CCACGGAAGCCCTAAT.1,3
CCACGGAAGTGCCAGA.1,1
CCACGGACACAGACTT.1,2
CCACGGACATCCAACA.1,2
CCACGGACATGCCACG.1,3
CCACGGAGTGGTTTCA.1,1
CCACGGATCATGCTCC.1,2
CCACGGATCCACGTTC.1,3
CCACGGATCCTGTAGA.1,3
CCACGGATCTTAGAGC.1,3
CCACTACAGGCGACAT.1,1
CCACTACCAAACCTAC.1,6
CCACTACCAGCCAGAA.1,5
CCACTACCAGTTAACC.1,6
CCACTACCATGTCCTC.1,2
CCACTACGTTGGTAAA.1,3
CCACTACTCATAGCAC.1,4
CCACTACTCCGTCAAA.1,3
CCACTACTCTAACTCT.1,1
CCACTACTCTCAAACG.1,1
CCAGCGAAGATCCTGT.1,1
CCAGCGAAGCGGATCA.1,2
CCAGCGAAGGACGAAA.1,4
CCAGCGACACACCGCA.1,5
CCAGCGAGTGAGGGAG.1,2
CCAGCGATCATTATCC.1,4
CCAGCGATCTCTTATG.1,1
CCATGTCAGACGCACA.1,5
CCATGTCAGAGACTAT.1,1
CCATGTCAGAGTGAGA.1,3
CCATGTCAGGATGCGT.1,3
CCATGTCCATGAAGTA.1,4
CCATGTCTCTGAGTGT.1,1
CCATTCGAGAAGGGTA.1,4
CCATTCGAGGAGTTGC.1,2
CCATTCGAGTGGAGAA.1,4
CCATTCGCAAGAAAGG.1,5
CCATTCGCATATGGTC.1,5
CCATTCGCATTTGCTT.1,6
CCATTCGGTCACCCAG.1,8
CCATTCGGTTGAGGTG.1,2
CCATTCGTCATGGTCA.1,4
CCATTCGTCGCCGTGA.1,5
CCATTCGTCTCCAGGG.1,5
CCCAATCAGCTAGCCC.1,1
CCCAATCAGGTGTTAA.1,9
CCCAATCCACGACGAA.1,1
CCCAATCCATCTATGG.1,5
CCCAATCCATGAAGTA.1,4
CCCAATCGTAAGGGCT.1,4
CCCAATCGTCTTCTCG.1,3
CCCAATCGTGTGCCTG.1,6
CCCAATCGTTCCCGAG.1,7
CCCAATCGTTGGTGGA.1,1
CCCAATCTCATAAAGG.1,3
CCCAATCTCCACGTTC.1,4
CCCAGTTAGTATGACA.1,2
CCCAGTTCATATACCG.1,3
CCCAGTTGTCCCTTGT.1,4
CCCAGTTTCAACGCTA.1,5
CCCAGTTTCTTGAGGT.1,6
CCCATACAGCCCGAAA.1,4
CCCATACCAAAGGTGC.1,3
CCCATACCAAGCGTAG.1,5
CCCATACCACCACGTG.1,6
CCCATACCATTTGCCC.1,4
CCCATACGTATATGAG.1,1
CCCATACGTTTGTTTC.1,5
CCCATACTCACCCTCA.1,2
CCCATACTCAGAAATG.1,1
CCCATACTCGCGTTTC.1,1
CCCATACTCGTTACAG.1,2
CCCATACTCTACTATC.1,5
CCCATACTCTCTTGAT.1,5
CCCATACTCTGCGTAA.1,1
CCCTCCTCAGGGATTG.1,2
CCCTCCTCAGGTCGTC.1,4
CCCTCCTGTCGCCATG.1,4
CCCTCCTGTCTGGTCG.1,9
CCCTCCTGTGCCTGTG.1,3
CCCTCCTTCACATAGC.1,5
CCCTCCTTCTGCAAGT.1,1
CCGGGATAGATAGGAG.1,4
CCGGGATCAAGACACG.1,1
CCGGGATCAATAGCAA.1,3
CCGGGATCAGGCTCAC.1,10
CCGGGATCAGTAAGAT.1,7
CCGGGATCATAGAAAC.1,1
CCGGGATGTCTGCAAT.1,1
CCGGGATGTGCGAAAC.1,7
CCGGGATGTTCCACGG.1,2
CCGGGATTCCGTTGTC.1,2
CCGGGATTCGCTGATA.1,2
CCGGTAGAGTATTGGA.1,8
CCGGTAGAGTGGGATC.1,2
CCGGTAGCAAACCTAC.1,5
CCGGTAGGTACATCCA.1,4
CCGGTAGGTGCACTTA.1,1
CCGGTAGTCTGCTGTC.1,10
CCGTACTAGGAGCGTT.1,3
CCGTACTAGTCAATAG.1,8
CCGTACTAGTTAAGTG.1,9
CCGTACTCACTACAGT.1,6
CCGTACTCATCACAAC.1,3
CCGTACTGTAGCGCAA.1,5
CCGTACTGTCAAGCGA.1,2
CCGTACTGTCTTCAAG.1,1
CCGTACTGTGTGACCC.1,4
CCGTACTGTTCCACAA.1,2
CCGTACTTCAGAAATG.1,10
CCGTACTTCATAACCG.1,1
CCGTACTTCCTATTCA.1,3
CCGTACTTCCTGTACC.1,2
CCGTACTTCTCCAGGG.1,2
CCGTGGAAGATCTGCT.1,1
CCGTGGAAGCCACCTG.1,4
CCGTGGAAGCCGGTAA.1,9
CCGTGGACACGCTTTC.1,10
CCGTGGAGTCAGAAGC.1,1
CCGTGGAGTCGAGTTT.1,1
CCGTGGAGTCTCTCTG.1,1
CCGTGGAGTGTTAAGA.1,7
CCGTGGAGTTGTTTGG.1,4
CCGTTCAAGAACTCGG.1,1
CCGTTCAAGACAGAGA.1,2
CCGTTCAAGGATGTAT.1,4
CCGTTCAAGGCAAAGA.1,8
CCGTTCAAGTGAACAT.1,3
CCGTTCACAATGAAAC.1,4
CCGTTCAGTCATGCCG.1,1
CCGTTCATCGAATGCT.1,4
CCGTTCATCTGGTTCC.1,5
CCTAAAGAGAGGGATA.1,3
CCTAAAGAGATGTCGG.1,4
CCTAAAGAGCTGATAA.1,4
CCTAAAGAGTGGAGTC.1,1
CCTAAAGAGTTACCCA.1,4
CCTAAAGCAAGTCTAC.1,3
CCTAAAGCACGAAAGC.1,1
CCTAAAGCACTTCGAA.1,1
CCTAAAGCAGACGCCT.1,4
CCTAAAGCATGTTGAC.1,5
CCTAAAGGTACCGTAT.1,5
CCTAAAGTCAGTTTGG.1,5
CCTAAAGTCCAAGTAC.1,1
CCTACACAGCTTTGGT.1,6
CCTACACAGTCTTGCA.1,2
CCTACACAGTGAATTG.1,10
CCTACACCACCAACCG.1,7
CCTACACCAGACGCAA.1,4
CCTACACCAGGTGGAT.1,5
CCTACACGTAATCGTC.1,1
CCTACACGTATATCCG.1,2
CCTACACGTCACCTAA.1,3
CCTACACGTCGAGTTT.1,1
CCTACACTCAAACCGT.1,5
CCTACACTCGGAAACG.1,1
CCTACACTCTTCCTTC.1,3
CCTACCAAGAGGTAGA.1,7
CCTACCAAGCCAGGAT.1,1
CCTACCAAGCCCGAAA.1,2
CCTACCAAGCGTGAGT.1,3
CCTACCACAAACCTAC.1,3
CCTACCACAAGCTGGA.1,4
CCTACCACACCAGGCT.1,5
CCTACCAGTAGGGACT.1,4
CCTACCAGTGATGTCT.1,4
CCTACCATCGGAGGTA.1,4
CCTAGCTCAAAGGAAG.1,3
CCTAGCTCATGTAAGA.1,1
CCTAGCTGTCGAAAGC.1,2
CCTAGCTGTCGGATCC.1,7
CCTATTAAGATGAGAG.1,3
CCTATTAAGTCGTTTG.1,4
CCTATTAAGTGACATA.1,6
CCTATTACACTTCTGC.1,7
CCTATTACAGCTCGCA.1,1
CCTATTACAGTACACT.1,1
CCTATTATCATAACCG.1,7
CCTATTATCATGCTCC.1,2
CCTATTATCCGGGTGT.1,4
CCTATTATCGTGTAGT.1,9
CCTATTATCGTTTAGG.1,2
CCTATTATCTCTAAGG.1,3
CCTCAGTCACACGCTG.1,2
CCTCAGTCAGCATACT.1,2
CCTCAGTCAGTTCATG.1,1
CCTCAGTGTGGCAAAC.1,6
CCTCAGTTCATTGCGA.1,3
CCTCAGTTCTTAGCCC.1,7
CCTCAGTTCTTTCCTC.1,2
CCTCTGAAGCGCCTTG.1,5
CCTCTGAAGCGTTGCC.1,3
CCTCTGAAGGGCTCTC.1,5
CCTCTGACATGCAACT.1,5
CCTCTGAGTGCTAGCC.1,6
CCTCTGATCCCTAATT.1,3
CCTCTGATCCTTCAAT.1,1
CCTCTGATCGCAAGCC.1,1
CCTCTGATCTAACTTC.1,3
CCTTACGAGACAAAGG.1,2
CCTTACGAGCGACGTA.1,4
CCTTACGAGTGTGAAT.1,2
CCTTACGCACACTGCG.1,1
CCTTACGCACATGTGT.1,5
CCTTACGCACGCTTTC.1,2
CCTTACGCATTCCTGC.1,8
CCTTACGGTACCGAGA.1,6
CCTTACGGTACGCTGC.1,3
CCTTACGGTCATACTG.1,4
CCTTACGGTCGCGTGT.1,1
CCTTACGGTCTGATTG.1,2
CCTTACGGTTCACGGC.1,2
CCTTACGTCGACCAGC.1,5
CCTTACGTCTGAGGGA.1,2
CCTTCCCAGGTCATCT.1,7
CCTTCCCCACAACGCC.1,1
CCTTCCCCACCAGATT.1,1
CCTTCCCCACTGTCGG.1,1
CCTTCCCGTAGGGACT.1,1
CCTTCCCGTGGCCCTA.1,1
CCTTCCCGTGTTGGGA.1,3
CCTTCCCGTTCCAACA.1,4
CCTTCCCGTTCGCGAC.1,6
CCTTCGAAGGCCCGTT.1,1
CCTTCGACAAGTCATC.1,6
CCTTCGACAGGCTGAA.1,2
CCTTCGAGTAGCACGA.1,1
CCTTCGAGTGAAATCA.1,1
CCTTCGAGTGGACGAT.1,6
CCTTCGATCGGCCGAT.1,5
CCTTCGATCTCATTCA.1,1
CCTTCGATCTCGTATT.1,1
CCTTTCTAGAAGGACA.1,1
CCTTTCTAGATGTGTA.1,4
CCTTTCTAGGGTCTCC.1,1
CCTTTCTAGTTGCAGG.1,6
CCTTTCTCAATTGCTG.1,2
CCTTTCTCAGGGATTG.1,3
CCTTTCTGTCTCCATC.1,2
CCTTTCTTCCAGAAGG.1,1
CCTTTCTTCGCTAGCG.1,5
CCTTTCTTCTAGCACA.1,4
CGAACATAGAATTCCC.1,2
CGAACATAGCCAGAAC.1,1
CGAACATAGCCCAATT.1,1
CGAACATAGTGAAGAG.1,2
CGAACATCAGTCACTA.1,4
CGAACATGTATAAACG.1,3
CGAACATGTCTAACGT.1,2
CGAACATGTCTTCTCG.1,4
CGAACATGTCTTGTCC.1,3
CGAACATGTTGGACCC.1,1
CGAACATTCAGCTTAG.1,2
CGAACATTCCGGCACA.1,5
CGAACATTCGAATCCA.1,6
CGAATGTAGACAAAGG.1,10
CGAATGTAGCGATCCC.1,3
CGAATGTAGTGGGATC.1,7
CGAATGTCATCCGTGG.1,3
CGAATGTGTCTAAACC.1,1
CGAATGTTCCGATATG.1,1
CGAATGTTCCGCGCAA.1,3
CGAATGTTCGCTTAGA.1,4
CGAATGTTCGGCGCAT.1,5
CGACCTTAGAAGCCCA.1,5
CGACCTTAGTCCCACG.1,6
CGACCTTCAACTGCTA.1,1
CGACCTTCAATTCCTT.1,5
CGACCTTCACATGTGT.1,2
CGACCTTGTACGCACC.1,3
CGACCTTTCAAACAAG.1,3
CGACTTCAGGAATTAC.1,4
CGACTTCAGGTAAACT.1,1
CGACTTCAGTTTCCTT.1,3
CGACTTCCAAATTGCC.1,5
CGACTTCCAAGTTGTC.1,3
CGACTTCGTAAACCTC.1,2
CGACTTCGTGATAAGT.1,5
CGACTTCTCAGTACGT.1,4
CGACTTCTCCAAGTAC.1,2
CGACTTCTCCTTGGTC.1,1
CGAGAAGAGTGTACGG.1,7
CGAGAAGCACACCGAC.1,2
CGAGAAGCACGAAACG.1,6
CGAGAAGCATCCCACT.1,4
CGAGAAGGTCGATTGT.1,2
CGAGAAGGTTCCCTTG.1,8
CGAGAAGTCTCGGACG.1,6
CGAGAAGTCTGAAAGA.1,5
CGAGCACAGCAGCCTC.1,10
CGAGCACAGGACAGAA.1,5
CGAGCACAGGCTAGGT.1,1
CGAGCACCAATGTAAG.1,7
CGAGCACCAGATAATG.1,4
CGAGCACCATATGAGA.1,6
CGAGCACCATTTGCTT.1,3
CGAGCACTCCGCAGTG.1,5
CGAGCACTCGCCATAA.1,8
CGAGCCAAGCTACCGC.1,10
CGAGCCAAGTCCTCCT.1,1
CGAGCCACAATACGCT.1,4
CGAGCCACAATGAATG.1,4
CGAGCCACATATACGC.1,2
CGAGCCACATCCGCGA.1,1
CGAGCCACATCGTCGG.1,3
CGAGCCAGTAGCCTCG.1,4
CGAGCCAGTCGTGGCT.1,3
CGAGCCATCGGTTCGG.1,2
CGATCGGAGGACACCA.1,1
CGATCGGCACTGAAGG.1,1
CGATCGGCATGACGGA.1,2
CGATCGGGTAGCGTAG.1,2
CGATGGCAGAACTGTA.1,3
CGATGGCAGTACGTTC.1,4
CGATGGCCAAACTGTC.1,3
CGATGGCCAAGTCATC.1,5
CGATGGCCAGCATGAG.1,5
CGATGGCGTCGAATCT.1,1
CGATGGCGTCTAGCGC.1,4
CGATGGCGTGACCAAG.1,2
CGATGGCGTTTAGCTG.1,7
CGATGGCTCAACACGT.1,1
CGATGGCTCCTACAGA.1,6
CGATGGCTCCTAGTGA.1,6
CGATGGCTCGTCACGG.1,4
CGATGTACAGATGGCA.1,2
CGATGTAGTACGCACC.1,3
CGATGTATCAGAGCTT.1,3
CGATTGAAGCGTAGTG.1,2
CGATTGAAGCTCCTTC.1,1
CGATTGACAAAGGAAG.1,9
CGATTGACAAAGGTGC.1,2
CGATTGACAATCGGTT.1,1
CGATTGACAATGTAAG.1,1
CGATTGACACATGTGT.1,2
CGATTGAGTCGGATCC.1,7
CGATTGAGTCTTTCAT.1,1
CGATTGAGTGTGACCC.1,1
CGCCAAGAGTCCTCCT.1,2
CGCCAAGAGTTAAGTG.1,2
CGCCAAGGTTACGACT.1,4
CGCCAAGGTTCCCTTG.1,4
CGCCAAGGTTGGTTTG.1,5
CGCCAAGTCAGCACAT.1,3
CGCCAAGTCCGTTGCT.1,3
CGCGGTAAGCCAGTAG.1,3
CGCGGTAAGGCTAGAC.1,2
CGCGGTAAGGTGATAT.1,5
CGCGGTAAGTACGTAA.1,10
CGCGGTAGTCGAGATG.1,1
CGCGGTATCACGCATA.1,1
CGCGGTATCACTCCTG.1,2
CGCGTTTAGTACTTGC.1,2
CGCGTTTAGTTGCAGG.1,2
CGCGTTTCACAACGTT.1,4
CGCGTTTCAGTAAGAT.1,1
CGCGTTTGTAGGGTAC.1,1
CGCGTTTGTCTTGATG.1,6
CGCTATCAGATGCGAC.1,1
CGCTATCAGCGATCCC.1,1
CGCTATCAGGATATAC.1,1
CGCTATCAGTCGAGTG.1,1
CGCTATCAGTGATCGG.1,4
CGCTATCCAGCCTGTG.1,4
CGCTATCCATGCCACG.1,4
CGCTATCGTAGAAAGG.1,6
CGCTATCGTTATCGGT.1,10
CGCTATCGTTTCGCTC.1,2
CGCTATCTCATGTCCC.1,5
CGCTATCTCCCATTAT.1,5
CGCTATCTCCGAACGC.1,5
CGCTATCTCGCCTGAG.1,7
CGCTGGAAGACATAAC.1,2
CGCTGGAAGCGGATCA.1,2
CGCTGGAAGTAGATGT.1,1
CGCTGGACAGGACCCT.1,2
CGCTGGACATTACGAC.1,2
CGCTGGAGTGATGATA.1,8
CGCTGGAGTTCAGTAC.1,3
CGCTTCAAGGCTCTTA.1,2
CGCTTCAAGTGAAGTT.1,6
CGCTTCAAGTTTCCTT.1,2
CGCTTCAGTCCGAACC.1,3
CGCTTCATCCAATGGT.1,7
CGCTTCATCGGATGTT.1,2
CGGACACAGCCTTGAT.1,9
CGGACACAGGAGTTGC.1,4
CGGACACCAGTCGATT.1,3
CGGACACCATGCTGGC.1,1
CGGACACGTTAGATGA.1,2
CGGACACTCTGAGGGA.1,5
CGGACGTAGATGGGTC.1,4
CGGACGTAGATGTTAG.1,4
CGGACGTAGTAGCGGT.1,1
CGGACGTAGTCGTACT.1,4
CGGACGTCAATCTGCA.1,3
CGGACGTCAGCCTATA.1,1
CGGACGTTCGCGATCG.1,2
CGGACTGAGTCAATAG.1,3
CGGACTGCACCAGATT.1,1
CGGACTGCATGCCTAA.1,3
CGGACTGGTACGACCC.1,1
CGGACTGGTATAATGG.1,1
CGGACTGGTTGACGTT.1,2
CGGACTGGTTTGACAC.1,4
CGGACTGTCAGAAATG.1,1
CGGACTGTCCGTAGTA.1,2
CGGAGCTAGATCTGAA.1,1
CGGAGCTAGCTAGTGG.1,1
CGGAGCTCAACTGCTA.1,1
CGGAGCTCACTAAGTC.1,9
CGGAGCTCATCGGGTC.1,2
CGGAGCTCATCGGTTA.1,5
CGGAGCTGTTACCAGT.1,5
CGGAGCTTCAACACAC.1,6
CGGAGCTTCACTCTTA.1,3
CGGAGCTTCATGTCCC.1,6
CGGAGCTTCCTATGTT.1,6
CGGAGTCAGTACGATA.1,3
CGGAGTCGTCACCTAA.1,1
CGGAGTCGTTAGAACA.1,3
CGGAGTCGTTCGCTAA.1,3
CGGAGTCGTTGGTAAA.1,1
CGGAGTCTCAGCACAT.1,6
CGGAGTCTCCAGTAGT.1,1
CGGCTAGCACCTCGTT.1,3
CGGCTAGGTCCTAGCG.1,8
CGGCTAGTCATCACCC.1,4
CGGGTCAAGAACAACT.1,1
CGGGTCAAGAGGGCTT.1,3
CGGGTCAAGCTATGCT.1,2
CGGGTCAAGGATTCGG.1,5
CGGGTCAAGGGATACC.1,1
CGGGTCAAGTGAATTG.1,3
CGGGTCACAAAGCGGT.1,4
CGGGTCACACAGCGTC.1,1
CGGGTCACAGCGAACA.1,2
CGGGTCACAGTCAGCC.1,3
CGGGTCAGTACATCCA.1,3
CGGGTCAGTAGCGTAG.1,1
CGGTTAAAGTTCGATC.1,5
CGGTTAACACTGTCGG.1,2
CGGTTAAGTCGACTAT.1,1
CGGTTAATCGCCATAA.1,5
CGGTTAATCGTAGGTT.1,5
CGGTTAATCTATCGCC.1,5
CGTAGCGAGATAGCAT.1,1
CGTAGCGAGATGGGTC.1,10
CGTAGCGAGCCAGGAT.1,3
CGTAGCGCAAGCGTAG.1,9
CGTAGCGCACAGGTTT.1,1
CGTAGCGCACATGACT.1,4
CGTAGCGCAGACGTAG.1,1
CGTAGCGCAGCTCGAC.1,3
CGTAGCGCATACTCTT.1,3
CGTAGCGGTAAACCTC.1,3
CGTAGCGGTCAATACC.1,1
CGTAGCGTCACGACTA.1,4
CGTAGCGTCACTTACT.1,7
CGTAGCGTCAGAAATG.1,2
CGTAGCGTCATCATTC.1,1
CGTAGCGTCTCTGCTG.1,4
CGTAGCGTCTGATACG.1,2
CGTAGCGTCTGGGCCA.1,3
CGTAGGCAGATCCGAG.1,1
CGTAGGCAGATGTGGC.1,4
CGTAGGCAGCTCCCAG.1,7
CGTAGGCAGTATGACA.1,7
CGTAGGCGTAAAGGAG.1,2
CGTAGGCGTAAGTGGC.1,3
CGTAGGCGTCGGATCC.1,3
CGTAGGCGTGGCGAAT.1,7
CGTCACTAGACTAAGT.1,5
CGTCACTCAATAACGA.1,6
CGTCACTTCCACGTTC.1,2
CGTCACTTCGAGAGCA.1,3
CGTCACTTCGGCGCTA.1,4
CGTCAGGAGTATCGAA.1,2
CGTCAGGAGTATGACA.1,2
CGTCAGGGTTCGCTAA.1,4
CGTCAGGTCCCGGATG.1,6
CGTCAGGTCCTTGACC.1,1
CGTCAGGTCGTCTGCT.1,4
CGTCAGGTCGTGGGAA.1,1
CGTCAGGTCTAACTGG.1,2
CGTCAGGTCTGCTGCT.1,3
CGTCCATAGAGTAATC.1,9
CGTCCATAGCCCAATT.1,4
CGTCCATAGGATGGTC.1,7
CGTCCATAGGTGATTA.1,3
CGTCCATAGGTGCAAC.1,6
CGTCCATAGTGGAGAA.1,4
CGTCCATCAATGAAAC.1,4
CGTCCATCAGATGAGC.1,4
CGTCCATGTTTGGCGC.1,3
CGTCCATTCACTCTTA.1,7
CGTCCATTCAGGCAAG.1,4
CGTCCATTCCGTACAA.1,1
CGTCCATTCTAAGCCA.1,2
CGTCCATTCTGAGGGA.1,2
CGTCCATTCTTGACGA.1,2
CGTCTACCATGGTTGT.1,9
CGTCTACGTGCGGTAA.1,1
CGTCTACGTTCAGGCC.1,1
CGTCTACGTTCGGGCT.1,4
CGTCTACGTTTGTTGG.1,2
CGTCTACTCCGGGTGT.1,4
CGTCTACTCGATAGAA.1,2
CGTCTACTCGCAAACT.1,1
CGTCTACTCGCTTAGA.1,5
CGTCTACTCGGTGTTA.1,4
CGTGAGCAGATCGATA.1,3
CGTGAGCAGGTAGCCA.1,3
CGTGAGCCAAGGACAC.1,1
CGTGAGCCAATGGTCT.1,7
CGTGAGCCACGGCTAC.1,1
CGTGAGCCAGCGTAAG.1,2
CGTGAGCCAGGCTCAC.1,4
CGTGAGCGTCTCAACA.1,4
CGTGAGCGTGAACCTT.1,4
CGTGAGCTCCCTCTTT.1,3
CGTGAGCTCGCTAGCG.1,3
CGTGAGCTCTGTTTGT.1,5
CGTGTAACACAACTGT.1,5
CGTGTAAGTAAACCTC.1,5
CGTGTAAGTCTTCGTC.1,5
CGTGTAATCGCAAACT.1,10
CGTGTAATCTCGTTTA.1,5
CGTGTCTAGCGATTCT.1,4
CGTGTCTAGCTACCTA.1,3
CGTGTCTAGGACACCA.1,2
CGTGTCTAGGGATACC.1,2
CGTGTCTAGTGGTAGC.1,3
CGTGTCTCAACTTGAC.1,4
CGTGTCTCACCGAATT.1,3
CGTGTCTCAGCTGTTA.1,5
CGTGTCTGTACAAGTA.1,10
CGTGTCTTCATCACCC.1,3
CGTGTCTTCTTCAACT.1,6
CGTTAGAAGCCACCTG.1,3
CGTTAGAAGGTAAACT.1,3
CGTTAGACAACGCACC.1,1
CGTTAGAGTCCTGCTT.1,3
CGTTAGATCACATAGC.1,1
CGTTAGATCAGCATGT.1,2
CGTTCTGAGTGCCATT.1,4
CGTTCTGCAAGCGCTC.1,2
CGTTCTGCAGCCTGTG.1,10
CGTTCTGGTAGCGTGA.1,3
CGTTCTGGTTAAGATG.1,1
CGTTCTGTCCCTAACC.1,6
CGTTGGGCACACCGCA.1,2
CGTTGGGCATTAACCG.1,1
CGTTGGGGTTCAGACT.1,5
CGTTGGGTCGCGCCAA.1,2
CGTTGGGTCTAGCACA.1,3
CTAACTTAGACAGACC.1,2
CTAACTTAGCAGCGTA.1,4
CTAACTTCAAAGAATC.1,5
CTAACTTCAGCGATCC.1,4
CTAACTTCAGTATGCT.1,2
CTAACTTGTAGCGTAG.1,1
CTAACTTGTCGAGTTT.1,7
CTAACTTGTGATGTCT.1,1
CTAACTTGTGCAACTT.1,5
CTAACTTGTGTTCTTT.1,5
CTAACTTTCCCATTTA.1,6
CTAAGACAGCTGATAA.1,5
CTAAGACAGTTCGCGC.1,6
CTAAGACCAACACGCC.1,4
CTAAGACCAAGCTGTT.1,3
CTAAGACCAAGGTTCT.1,2
CTAAGACCACCACGTG.1,4
CTAAGACCACGAGGTA.1,7
CTAAGACCAGAGCCAA.1,2
CTAAGACCAGGTCTCG.1,2
CTAAGACGTAATCACC.1,2
CTAAGACGTGAACCTT.1,9
CTAAGACGTGGTGTAG.1,3
CTAAGACTCATGCATG.1,4
CTAAGACTCGGCTACG.1,3
CTAATGGCACCACGTG.1,3
CTAATGGCAGACGTAG.1,2
CTAATGGCATTAGGCT.1,6
CTAATGGGTGCTAGCC.1,4
CTAATGGGTGTATGGG.1,2
CTAATGGGTGTGCGTC.1,4
CTAATGGGTTACCAGT.1,2
CTAATGGTCCTAAGTG.1,4
CTACACCAGCGTGAAC.1,1
CTACACCAGCTGCAAG.1,6
CTACACCGTAGCCTCG.1,7
CTACACCGTGGGTATG.1,2
CTACACCGTTTGACAC.1,4
CTACACCTCCTCATTA.1,1
CTACACCTCGCACTCT.1,1
CTACATTAGATCCCAT.1,4
CTACATTCAATAACGA.1,1
CTACATTGTACCAGTT.1,7
CTACATTGTAGCTGCC.1,3
CTACATTGTTTGTGTG.1,6
CTACATTTCTCGCATC.1,2
CTACCCAAGACCTAGG.1,3
CTACCCACAAAGAATC.1,6
CTACCCACACTTCTGC.1,2
CTACCCACAGCGTAAG.1,5
CTACCCAGTCACACGC.1,3
CTACCCAGTTAGTGGG.1,5
CTACCCAGTTATTCTC.1,2
CTACCCAGTTCCGGCA.1,2
CTACCCATCGGAGGTA.1,1
CTACGTCCAATGAATG.1,4
CTACGTCCACTACAGT.1,3
CTAGAGTAGGATATAC.1,10
CTAGAGTAGGGAAACA.1,3
CTAGAGTGTCACCCAG.1,2
CTAGAGTGTGAGGGAG.1,7
CTAGAGTTCAGCTCTC.1,2
CTAGAGTTCTCACATT.1,1
CTAGCCTAGTAGGCCA.1,5
CTAGCCTCAATAAGCA.1,4
CTAGCCTCAATGACCT.1,6
CTAGCCTCATGGGAAC.1,6
CTAGCCTGTATATCCG.1,2
CTAGCCTTCATAAAGG.1,1
CTAGCCTTCCAGAGGA.1,3
CTAGCCTTCCCTCTTT.1,4
CTAGCCTTCTCTAAGG.1,4
CTAGTGAAGATCACGG.1,4
CTAGTGAAGGGCTCTC.1,4
CTAGTGACAGAAGCAC.1,8
CTAGTGACATCTGGTA.1,6
CTAGTGAGTGGTACAG.1,3
CTAGTGAGTGTGGCTC.1,3
CTAGTGATCCCAGGTG.1,3
CTAGTGATCCCGGATG.1,8
CTAGTGATCTGAAAGA.1,6
CTCACACAGGTGCAAC.1,1
CTCACACAGTCATGCT.1,6
CTCACACAGTCTCAAC.1,7
CTCACACCACATCCAA.1,2
CTCACACGTACCGTAT.1,5
CTCACACGTCGCGTGT.1,2
CTCACACTCGCTTGTC.1,3
CTCAGAAAGACGCAAC.1,3
CTCAGAAAGCCGATTT.1,5
CTCAGAACAAACTGTC.1,3
CTCAGAACATCCGCGA.1,5
CTCAGAAGTCAAAGAT.1,3
CTCAGAAGTCCTGCTT.1,2
CTCAGAAGTGCTTCTC.1,1
CTCAGAATCGCAGGCT.1,2
CTCATTAAGGGCTCTC.1,4
CTCATTAAGTTGTCGT.1,5
CTCATTACAATAGCAA.1,8
CTCATTACAGCTTCGG.1,1
CTCATTACAGGTGCCT.1,1
CTCATTACATAAGACA.1,3
CTCATTAGTGATGATA.1,8
CTCATTAGTGGTCCGT.1,2
CTCCTAGAGCCCTAAT.1,1
CTCCTAGAGGGTATCG.1,2
CTCCTAGCACTGTTAG.1,7
CTCCTAGCAGCTGTTA.1,2
CTCCTAGGTAGAGTGC.1,6
CTCCTAGGTGTTTGTG.1,4
CTCCTAGGTTTGCATG.1,3
CTCCTAGGTTTGGCGC.1,2
CTCCTAGTCCTGCCAT.1,4
CTCGAAAAGATACACA.1,4
CTCGAAAAGGTTCCTA.1,5
CTCGAAAAGTCAAGGC.1,6
CTCGAAAGTTCCAACA.1,5
CTCGAAATCTTGAGAC.1,8
CTCGAGGAGAGCCTAG.1,1
CTCGAGGAGTTCCACA.1,6
CTCGAGGCAAGCTGGA.1,1
CTCGAGGCACCAGGCT.1,4
CTCGAGGCACTTGGAT.1,5
CTCGAGGCAGGGATTG.1,5
CTCGAGGGTCTGGAGA.1,4
CTCGAGGGTGTGCGTC.1,5
CTCGAGGTCCAGTATG.1,9
CTCGGAGAGATATGCA.1,4
CTCGGAGAGGTGCTAG.1,3
CTCGGAGCATGACGGA.1,2
CTCGGAGGTCATTAGC.1,2
CTCGGAGGTGGCTCCA.1,3
CTCGGAGGTTATCGGT.1,4
CTCGGGAAGCACCGCT.1,5
CTCGGGAAGTACACCT.1,2
CTCGGGACAAATTGCC.1,5
CTCGGGACACCATGTA.1,1
CTCGGGACATACGCTA.1,3
CTCGGGACATCACGTA.1,3
CTCGGGAGTAGCAAAT.1,6
CTCGGGATCAGTCCCT.1,1
CTCGGGATCCACGAAT.1,6
CTCGTACAGAATTGTG.1,6
CTCGTACAGCTCTCGG.1,5
CTCGTACCAGGTGCCT.1,3
CTCGTACCATGCCACG.1,6
CTCGTACGTCGCGGTT.1,6
CTCGTACGTTCCAACA.1,4
CTCGTACTCCGCATCT.1,1
CTCGTACTCCGTCATC.1,7
CTCGTACTCTACTTAC.1,5
CTCGTCACAAGAAAGG.1,1
CTCGTCACACGACGAA.1,4
CTCGTCACAGGACGTA.1,1
CTCGTCATCGGTTAAC.1,5
CTCGTCATCGTCACGG.1,2
CTCTAATAGAGGGATA.1,4
CTCTAATAGTCGTTTG.1,1
CTCTAATCAATCGAAA.1,7
CTCTAATCACATCCAA.1,4
CTCTAATCAGCCTTTC.1,1
CTCTAATGTATTAGCC.1,6
CTCTAATGTCAGAATA.1,6
CTCTAATTCAACCATG.1,3
CTCTAATTCTCTAGGA.1,4
CTCTACGAGAGCTGCA.1,5
CTCTACGAGGATATAC.1,4
CTCTACGAGTGTTAGA.1,6
CTCTACGCAGCCTTTC.1,1
CTCTACGGTGACTACT.1,6
CTCTACGTCAGATAAG.1,1
CTCTGGTAGAGGTTGC.1,5
CTCTGGTAGATCTGAA.1,1
CTCTGGTAGTACGTTC.1,1
CTCTGGTCACGACGAA.1,1
CTCTGGTGTACTTCTT.1,1
CTCTGGTGTTAAGACA.1,4
CTCTGGTGTTACGCGC.1,1
CTCTGGTTCGGACAAG.1,3
CTCTGGTTCTAAGCCA.1,2
CTGAAACAGGCATGTG.1,1
CTGAAACCACAGCGTC.1,6
CTGAAACCAGCTCGAC.1,7
CTGAAACCATCTCGCT.1,1
CTGAAACCATGCAACT.1,3
CTGAAACCATTACGAC.1,1
CTGAAACGTGAACCTT.1,5
CTGAAACTCACGCATA.1,6
CTGAAACTCCGCAAGC.1,6
CTGAAACTCTGCGGCA.1,3
CTGAAGTAGAACAATC.1,2
CTGAAGTCATATGAGA.1,1
CTGAAGTCATTACGAC.1,2
CTGAAGTGTTCCCTTG.1,2
CTGATAGGTATATGAG.1,1
CTGATAGGTCAGCTAT.1,6
CTGATAGGTGTGTGCC.1,1
CTGATAGGTTAAGATG.1,2
CTGATAGTCGCGATCG.1,3
CTGATAGTCTATCCTA.1,1
CTGATCCCAAGCCTAT.1,5
CTGATCCGTATATCCG.1,4
CTGATCCTCAAAGACA.1,4
CTGATCCTCAATCACG.1,1
CTGCCTAAGAAGCCCA.1,9
CTGCCTAAGCACCGTC.1,5
CTGCCTAAGGTGCTAG.1,2
CTGCCTAAGTCTCCTC.1,3
CTGCCTACAATACGCT.1,3
CTGCCTAGTACCTACA.1,3
CTGCCTAGTCACACGC.1,4
CTGCCTAGTTCAGTAC.1,3
CTGCCTATCACGCATA.1,3
CTGCCTATCCAGAAGG.1,1
CTGCGGAAGACCTTTG.1,2
CTGCGGAAGAGGTACC.1,6
CTGCGGAAGATGCGAC.1,2
CTGCGGAAGGTAGCCA.1,4
CTGCGGACAAAGAATC.1,1
CTGCGGACAAGCGAGT.1,4
CTGCGGACAATCGAAA.1,2
CTGCGGATCGACAGCC.1,1
CTGCGGATCTCCTATA.1,2
CTGCGGATCTGTACGA.1,6
CTGCTGTTCTTACCGC.1,3
CTGGTCTAGATAGCAT.1,1
CTGGTCTCAATGTTGC.1,6
CTGGTCTCACTCTGTC.1,4
CTGGTCTCATTTGCCC.1,3
CTGGTCTGTATTACCG.1,1
CTGGTCTGTCCTCTTG.1,1
CTGGTCTGTGACTCAT.1,4
CTGGTCTTCCTAGAAC.1,2
CTGGTCTTCTTCGAGA.1,4
CTGTGCTAGAGTAAGG.1,3
CTGTGCTAGCGTCAAG.1,8
CTGTGCTAGGGTGTTG.1,1
CTGTGCTAGTTGAGAT.1,2
CTGTGCTCAATCTACG.1,4
CTGTGCTCAGATTGCT.1,2
CTGTGCTCAGCGAACA.1,1
CTGTGCTCAGGACGTA.1,2
CTGTGCTCAGGTTTCA.1,2
CTGTGCTCATGGGAAC.1,3
CTGTGCTGTAATCACC.1,6
CTGTGCTGTTTGTTGG.1,1
CTGTGCTTCAGCAACT.1,1
CTGTGCTTCCTCATTA.1,2
CTGTTTACATTGAGCT.1,6
CTGTTTAGTCGACTGC.1,5
CTGTTTAGTCTGGAGA.1,8
CTGTTTATCTTCCTTC.1,3
CTTAACTAGCAACGGT.1,3
CTTAACTCAGTAGAGC.1,3
CTTAACTCAGTGAGTG.1,3
CTTAACTCATTACCTT.1,2
CTTAACTGTCACACGC.1,6
CTTAACTTCACATAGC.1,1
CTTAACTTCACATGCA.1,4
CTTAACTTCACTTATC.1,2
CTTAACTTCTACTATC.1,7
CTTACCGCATCTGGTA.1,5
CTTACCGGTAGCGTCC.1,1
CTTACCGGTAGGACAC.1,4
CTTACCGGTCTTTCAT.1,2
CTTACCGGTTGAGTTC.1,2
CTTACCGTCACCTCGT.1,1
CTTACCGTCATAACCG.1,4
CTTACCGTCTAACGGT.1,1
CTTAGGAAGTAAGTAC.1,2
CTTAGGACATTCTCAT.1,4
CTTAGGAGTAACGCGA.1,1
CTTAGGAGTCACACGC.1,6
CTTAGGAGTCTGATTG.1,5
CTTAGGAGTTCATGGT.1,3
CTTAGGAGTTCGTGAT.1,1
CTTAGGAGTTGATTGC.1,4
CTTAGGATCACCGGGT.1,1
CTTAGGATCGCCTGTT.1,2
CTTCTCTAGCGAAGGG.1,3
CTTCTCTAGCTAGCCC.1,3
CTTCTCTAGCTCAACT.1,3
CTTCTCTAGGAATTAC.1,9
CTTCTCTAGTACATGA.1,4
CTTCTCTAGTGTACCT.1,4
CTTCTCTCATGCCCGA.1,2
CTTCTCTGTAGAGCTG.1,6
CTTCTCTGTTACTGAC.1,4
CTTCTCTGTTCCACTC.1,2
CTTCTCTTCACCACCT.1,1
CTTCTCTTCGCGTAGC.1,2
CTTGGCTAGACCGGAT.1,4
CTTGGCTAGAGTGACC.1,3
CTTGGCTAGGTTCCTA.1,5
CTTGGCTGTTCTGGTA.1,10
CTTGGCTTCACAAACC.1,9
CTTGGCTTCCATGAGT.1,4
CTTGGCTTCCTCCTAG.1,9
CTTGGCTTCGTGGGAA.1,2
CTTGGCTTCTATCCTA.1,4
CTTGGCTTCTTATCTG.1,1
CTTTGCGAGACAATAC.1,6
CTTTGCGAGATATACG.1,8
CTTTGCGAGCTCCTTC.1,5
CTTTGCGAGTCGTTTG.1,1
CTTTGCGCACGAAACG.1,6
CTTTGCGGTCGCCATG.1,4
GAAACTCAGTAGGCCA.1,1
GAAACTCAGTGAATTG.1,2
GAAACTCCAATCGAAA.1,4
GAAACTCCACGGTTTA.1,2
GAAACTCCATTACCTT.1,3
GAAACTCGTATCTGCA.1,1
GAAACTCGTCATACTG.1,4
GAAACTCGTTTCCACC.1,4
GAAATGACAAAGTCAA.1,4
GAAATGACACAGGAGT.1,3
GAAATGACACGAGAGT.1,3
GAAATGACATGTTGAC.1,6
GAAATGAGTACGACCC.1,9
GAAATGAGTGAAATCA.1,2
GAAATGATCCATGAAC.1,3
GAAATGATCGCGTAGC.1,8
GAACATCAGCTGAACG.1,5
GAACATCCAACCGCCA.1,5
GAACATCCATCGATGT.1,5
GAACATCGTACGACCC.1,1
GAACATCGTAGAGGAA.1,1
GAACATCGTCACAAGG.1,4
GAACATCTCCTGCCAT.1,1
GAACCTAAGTTCCACA.1,2
GAACCTACACAAGACG.1,9
GAACCTACACCCATGG.1,5
GAACCTACAGGATCGA.1,5
GAACCTAGTAAACGCG.1,5
GAACCTATCGGTGTCG.1,8
GAACCTATCTTGTACT.1,4
GAACGGAAGAGGGATA.1,3
GAACGGAAGTAGATGT.1,5
GAACGGAGTTCTCATT.1,2
GAACGGAGTTCTGAAC.1,10
GAACGGATCAGAGACG.1,7
GAAGCAGAGGAATGGA.1,5
GAAGCAGAGGCCCTCA.1,4
GAAGCAGCAGTAACGG.1,3
GAAGCAGGTTCACCTC.1,3
GAAGCAGTCCATGCTC.1,3
GAAGCAGTCGCATGAT.1,5
GAATAAGAGTAGCGGT.1,2
GAATAAGCACAACGTT.1,2
GAATAAGCACGGATAG.1,2
GAATAAGGTAAGTAGT.1,4
GAATAAGGTTACTGAC.1,1
GAATAAGGTTCACCTC.1,5
GAATAAGTCACCCGAG.1,2
GAATAAGTCGCGATCG.1,1
GAATGAACAAATACAG.1,2
GAATGAACACGACGAA.1,10
GAATGAACATACGCTA.1,3
GAATGAAGTAAGGGAA.1,2
GAATGAAGTCTCCACT.1,4
GAATGAAGTTATCACG.1,2
GAATGAATCACAGGCC.1,4
GAATGAATCAGGTAAA.1,6
GAATGAATCCACGAAT.1,6
GAATGAATCCGATATG.1,1
GAATGAATCGATAGAA.1,1
GAATGAATCGTTGACA.1,4
GACACGCAGCGCCTTG.1,5
GACACGCAGCGTTCCG.1,6
GACACGCCAAGTTGTC.1,1
GACACGCCACTGTGTA.1,10
GACACGCGTCAGGACA.1,3
GACACGCGTGGGTATG.1,2
GACACGCTCCGCATAA.1,4
GACACGCTCGTCCGTT.1,6
GACACGCTCTGGAGCC.1,5
GACAGAGAGCTCCCAG.1,6
GACAGAGAGTACGTTC.1,2
GACAGAGCAACCGCCA.1,1
GACAGAGCAAGTACCT.1,1
GACAGAGCATCATCCC.1,4
GACAGAGGTAAATGAC.1,2
GACAGAGGTCTCTTTA.1,2
GACAGAGTCTGGCGAC.1,1
GACCAATAGCGTCTAT.1,9
GACCAATAGTAGGCCA.1,3
GACCAATCACCTCGTT.1,5
GACCAATGTCGACTAT.1,1
GACCAATGTCTAACGT.1,3
GACCAATTCCAAAGTC.1,1
GACCTGGAGCGTCAAG.1,3
GACCTGGCATAGGATA.1,6
GACCTGGGTCCGTTAA.1,1
GACCTGGGTCGGCATC.1,7
GACCTGGGTCTACCTC.1,2
GACCTGGGTGCACCAC.1,5
GACCTGGTCAGCGATT.1,2
GACCTGGTCCGTCAAA.1,5
GACCTGGTCGGTGTTA.1,7
GACCTGGTCTTATCTG.1,3
GACGCGTAGCGAGAAA.1,1
GACGCGTGTCTTTCAT.1,5
GACGCGTGTTCAACCA.1,7
GACGCGTTCCGCGTTT.1,4
GACGCGTTCTTTAGTC.1,4
GACGGCTAGCTACCTA.1,7
GACGGCTAGGAGTCTG.1,8
GACGGCTGTAGGCATG.1,9
GACGGCTGTATGGTTC.1,9
GACGGCTTCACCCGAG.1,2
GACGTGCAGGAACTGC.1,2
GACGTGCCAAGCCATT.1,2
GACGTGCCAAGGTTTC.1,4
GACGTGCCAATGTAAG.1,4
GACGTGCCATAACCTG.1,4
GACGTGCGTACACCGC.1,4
GACGTGCGTGATGTGG.1,6
GACGTGCTCCCAACGG.1,7
GACGTGCTCCCAAGAT.1,6
GACGTTAAGAGTACAT.1,3
GACGTTAAGCAATATG.1,6
GACGTTAAGTCCATAC.1,5
GACGTTACACGCATCG.1,4
GACGTTAGTCGAATCT.1,3
GACGTTAGTCTTCTCG.1,1
GACGTTATCTGTGCAA.1,7
GACGTTATCTTGAGAC.1,4
GACGTTATCTTGGGTA.1,3
GACTAACAGATCACGG.1,3
GACTAACAGCCATCGC.1,6
GACTAACAGGCATGGT.1,3
GACTAACAGGCCATAG.1,2
GACTAACAGTGGGTTG.1,3
GACTAACAGTTGTCGT.1,2
GACTAACGTTAAGACA.1,6
GACTAACGTTCACGGC.1,5
GACTAACTCCGCGGTA.1,5
GACTACAAGGCTCTTA.1,1
GACTACAAGTCAAGCG.1,7
GACTACAAGTTTAGGA.1,5
GACTACACAAAGAATC.1,3
GACTACACAAGCGTAG.1,1
GACTACACACCAGATT.1,1
GACTACACATGTTCCC.1,1
GACTACAGTACTCAAC.1,3
GACTACAGTGTTGGGA.1,1
GACTACATCCTCTAGC.1,2
GACTGCGAGACTAGGC.1,2
GACTGCGAGATATGGT.1,5
GACTGCGAGCGATAGC.1,5
GACTGCGCAATCGGTT.1,2
GACTGCGGTTACGTCA.1,1
GACTGCGTCCGCTGTT.1,2
GACTGCGTCCTACAGA.1,1
GAGCAGAAGGACAGCT.1,3
GAGCAGAAGGCAGGTT.1,2
GAGCAGAGTACTCGCG.1,5
GAGCAGAGTGGAAAGA.1,2
GAGCAGAGTTCATGGT.1,4
GAGCAGATCAGAGCTT.1,2
GAGCAGATCATGTAGC.1,4
GAGCAGATCTTGCATT.1,3
GAGGTGAAGAAGGACA.1,1
GAGGTGAAGCTAGTCT.1,1
GAGGTGACAGCGTAAG.1,2
GAGGTGAGTCTAGTCA.1,5
GAGGTGAGTTACTGAC.1,1
GAGGTGATCTCTGAGA.1,1
GAGTCCGAGCTGATAA.1,1
GAGTCCGAGTACGTAA.1,4
GAGTCCGAGTATGACA.1,2
GAGTCCGAGTGACTCT.1,6
GAGTCCGCAAGCCTAT.1,4
GAGTCCGCACCACGTG.1,1
GAGTCCGCACTGTCGG.1,2
GAGTCCGCAGTAAGCG.1,4
GAGTCCGGTACTTGAC.1,2
GAGTCCGGTGCAGACA.1,1
GAGTCCGGTGCGAAAC.1,7
GAGTCCGTCACAACGT.1,1
GAGTCCGTCAGCATGT.1,9
GAGTCCGTCCGTCATC.1,2
GATCAGTAGAGCAATT.1,5
GATCAGTAGTCAAGGC.1,6
GATCAGTCAGACGTAG.1,1
GATCAGTCATATACCG.1,3
GATCAGTGTAACGTTC.1,3
GATCAGTGTTCCGGCA.1,2
GATCAGTTCCAAGCCG.1,3
GATCAGTTCTCGGACG.1,9
GATCAGTTCTGCTGCT.1,3
GATCGATCATGCAACT.1,8
GATCGATGTATTCGTG.1,4
GATCGATGTCTCACCT.1,1
GATCGATGTGGAAAGA.1,7
GATCGATGTTGTCTTT.1,2
GATCGATTCCTGCCAT.1,4
GATCGATTCGGTGTTA.1,3
GATCGATTCTAACGGT.1,6
GATCGCGAGGTCATCT.1,3
GATCGCGCACAGGAGT.1,5
GATCGCGCATGCTAGT.1,4
GATCGCGGTATAGGGC.1,4
GATCGCGGTCCATGAT.1,3
GATCGCGGTCGCGAAA.1,9
GATCGCGTCCGGCACA.1,1
GATCGCGTCCTTGGTC.1,1
GATCGTAAGTATGACA.1,3
GATCGTACAAACTGCT.1,2
GATCGTACAGTTCCCT.1,6
GATCGTACATCCGGGT.1,4
GATCGTAGTATCAGTC.1,3
GATCGTAGTCTGATTG.1,3
GATCGTATCAGGCAAG.1,4
GATCGTATCAGTTGAC.1,2
GATCGTATCCACGAAT.1,7
GATCGTATCCTTTCGG.1,3
GATCGTATCTCCTATA.1,6
GATCTAGAGAAGGTTT.1,4
GATCTAGAGATACACA.1,4
GATCTAGGTCTGGAGA.1,3
GATCTAGTCTGCGTAA.1,1
GATCTAGTCTTACCTA.1,3
GATGAAACACGTCTCT.1,4
GATGAAACATATACGC.1,6
GATGAAAGTACTTCTT.1,1
GATGAAAGTCGCTTTC.1,2
GATGAAAGTCTGCCAG.1,1
GATGAAAGTTCCACGG.1,5
GATGAAATCAACGGCC.1,6
GATGAAATCGTTGACA.1,3
GATGAAATCTACGAGT.1,5
GATGAAATCTGCGACG.1,4
GATGAAATCTTTCCTC.1,3
GATGAGGAGCTTTGGT.1,4
GATGAGGAGTACTTGC.1,3
GATGAGGAGTGAACAT.1,6
GATGAGGCACTCTGTC.1,1
GATGAGGGTCGTGGCT.1,2
GATGAGGGTTGATTCG.1,2
GATGAGGTCGTACCGG.1,6
GATGCTAAGAGGGCTT.1,2
GATGCTAAGCCACGCT.1,2
GATGCTAAGCTTATCG.1,6
GATGCTACAAACTGTC.1,5
GATGCTAGTTAAGGGC.1,1
GATGCTATCTATCGCC.1,6
GATTCAGCAGTACACT.1,1
GATTCAGCATTTCACT.1,2
GATTCAGGTGTAAGTA.1,3
GATTCAGGTTACCAGT.1,2
GATTCAGTCGCAAGCC.1,5
GCAAACTAGGCCCTTG.1,4
GCAAACTAGGTTACCT.1,7
GCAAACTAGTTACGGG.1,4
GCAAACTCAACACCTA.1,8
GCAAACTCACTGCCAG.1,2
GCAAACTCATGCCTTC.1,7
GCAAACTGTTAAGACA.1,1
GCAAACTGTTGTCGCG.1,8
GCAAACTTCCCGGATG.1,3
GCAAACTTCCTCCTAG.1,4
GCAAACTTCGGAAACG.1,3
GCAAACTTCTTCGAGA.1,5
GCAAACTTCTTTCCTC.1,2
GCAATCACACCCATGG.1,2
GCAATCACAGACGCAA.1,1
GCAATCAGTCAAGCGA.1,1
GCAATCAGTCAATACC.1,1
GCAATCAGTCGCGTGT.1,3
GCAATCATCGGCTTGG.1,7
GCAATCATCTTGTCAT.1,1
GCACATAAGAAAGTGG.1,2
GCACATAAGAAGGTGA.1,4
GCACATACATTCCTGC.1,3
GCACATAGTGCATCTA.1,6
GCACATAGTTATTCTC.1,7
GCACATATCACCATAG.1,1
GCACATATCCAAAGTC.1,6
GCACATATCCAATGGT.1,9
GCACATATCTCTTATG.1,2
GCACATATCTTTACGT.1,1
GCACTCTAGACGCACA.1,1
GCACTCTCACTGCCAG.1,5
GCACTCTCAGAGTGTG.1,1
GCACTCTCAGTCCTTC.1,5
GCACTCTCAGTCGATT.1,1
GCACTCTTCTCTGCTG.1,2
GCAGCCAAGCCGATTT.1,1
GCAGCCAAGGGCTCTC.1,3
GCAGCCAAGTGTTTGC.1,2
GCAGCCACAATCTGCA.1,3
GCAGCCAGTCAGCTAT.1,2
GCAGCCAGTGGCCCTA.1,1
GCAGCCAGTGGTGTAG.1,1
GCAGCCAGTTAAGAAC.1,5
GCAGTTAAGGTGCTTT.1,6
GCAGTTACAGACACTT.1,7
GCAGTTAGTGCACTTA.1,1
GCAGTTAGTTCGGCAC.1,8
GCATACAAGGCTAGAC.1,1
GCATACACAAGACACG.1,10
GCATACACAGGCAGTA.1,1
GCATACAGTACAGACG.1,3
GCATACAGTAGATTAG.1,5
GCATACAGTGCAGGTA.1,1
GCATACAGTGCTTCTC.1,1
GCATACATCATCATTC.1,3
GCATACATCCTTTACA.1,5
GCATACATCTAAGCCA.1,2
GCATGATAGCCAGGAT.1,1
GCATGATAGTAGGCCA.1,3
GCATGATAGTGCTGCC.1,2
GCATGATCAGTCCTTC.1,6
GCATGATGTCGAATCT.1,7
GCATGATGTCGACTAT.1,2
GCATGATTCATATCGG.1,1
GCATGCGAGATCCTGT.1,6
GCATGCGAGCCCAGCT.1,3
GCATGCGAGGTACTCT.1,1
GCATGCGGTAGCCTAT.1,2
GCATGCGGTAGGGTAC.1,3
GCATGCGGTCCTCTTG.1,5
GCATGTACACACATGT.1,2
GCATGTACACAGGCCT.1,1
GCATGTACACGTCTCT.1,5
GCATGTATCAATCACG.1,1
GCCAAATAGACTGTAA.1,4
GCCAAATCAGCTGTGC.1,1
GCCAAATCATTTCAGG.1,2
GCCAAATTCGGTGTTA.1,1
GCCAAATTCTTGCAAG.1,4
GCCTCTAAGCCCAATT.1,3
GCCTCTACACATTTCT.1,4
GCCTCTACATCGGTTA.1,4
GCCTCTAGTGCAACTT.1,8
GCCTCTATCACATGCA.1,4
GCCTCTATCGGACAAG.1,2
GCCTCTATCTGCCCTA.1,3
GCGACCAAGACGCAAC.1,4
GCGACCAAGTCCCACG.1,2
GCGACCACAATAAGCA.1,2
GCGACCACAGCTTCGG.1,4
GCGACCAGTACAAGTA.1,5
GCGACCAGTCTCTCGT.1,10
GCGACCAGTTCTGGTA.1,2
GCGACCATCCTTGACC.1,4
GCGAGAAAGGCACATG.1,2
GCGAGAACACCGAATT.1,4
GCGAGAACAGCTGCAC.1,2
GCGAGAAGTCAGAATA.1,1
GCGAGAAGTCCTGCTT.1,1
GCGAGAAGTTCCCGAG.1,5
GCGAGAAGTTGTGGAG.1,2
GCGAGAATCGAACTGT.1,2
GCGCAACAGAGCAATT.1,6
GCGCAACAGCCAACAG.1,6
GCGCAACAGTTAACGA.1,6
GCGCAACAGTTGCAGG.1,3
GCGCAACCAATGAATG.1,4
GCGCAACCACGACTCG.1,6
GCGCAACGTAAACCTC.1,7
GCGCAACGTCAAAGAT.1,2
GCGCAACGTGCCTGTG.1,1
GCGCAACGTTCGTTGA.1,2
GCGCAACGTTGCGTTA.1,10
GCGCAGTAGAGGTACC.1,5
GCGCAGTAGGCACATG.1,1
GCGCAGTAGTCGTTTG.1,1
GCGCAGTAGTGGTAAT.1,7
GCGCAGTCATGACGGA.1,1
GCGCAGTGTAATCACC.1,4
GCGCAGTGTCATATGC.1,5
GCGCAGTGTCTAGGTT.1,3
GCGCAGTGTTATCGGT.1,2
GCGCAGTGTTCTGGTA.1,3
GCGCAGTGTTTAAGCC.1,4
GCGCAGTGTTTAGGAA.1,1
GCGCAGTTCTACTCAT.1,4
GCGCCAAAGGACCACA.1,4
GCGCCAAAGGGCATGT.1,2
GCGCCAAAGGGTATCG.1,3
GCGCCAAAGTACGCGA.1,5
GCGCCAACAATCGAAA.1,3
GCGCCAACACGAAATA.1,4
GCGCCAACACTGTCGG.1,3
GCGCCAAGTGGCCCTA.1,4
GCGCGATAGGCATTGG.1,2
GCGCGATCATGTTCCC.1,3
GCGCGATGTGGTCTCG.1,10
GCGCGATGTGTAATGA.1,1
GCGGGTTAGATATACG.1,5
GCGGGTTAGGATTCGG.1,2
GCGGGTTAGTCCGGTC.1,4
GCGGGTTCAAGTCTGT.1,1
GCGGGTTGTACACCGC.1,1
GCGGGTTTCATCGATG.1,2
GCGGGTTTCTAGCACA.1,1
GCGGGTTTCTCGTTTA.1,6
GCTCCTAAGCTGCCCA.1,2
GCTCCTAAGGGATCTG.1,2
GCTCCTAAGTGAAGAG.1,2
GCTCCTAAGTGTTTGC.1,5
GCTCCTACACATGACT.1,2
GCTCCTACAGCCTATA.1,5
GCTCCTACAGCCTTGG.1,1
GCTCCTAGTAGCCTCG.1,1
GCTCCTATCTTCATGT.1,1
GCTCTGTAGCAGGCTA.1,4
GCTCTGTAGCATGGCA.1,3
GCTCTGTCACTAAGTC.1,2
GCTCTGTCATCTCCCA.1,6
GCTCTGTGTCCAGTGC.1,4
GCTCTGTGTCTAGTGT.1,5
GCTCTGTTCCAAACTG.1,5
GCTCTGTTCCACGTGG.1,4
GCTCTGTTCTCTTGAT.1,1
GCTCTGTTCTTCGGTC.1,2
GCTGCAGAGACCGGAT.1,2
GCTGCAGAGCGAAGGG.1,3
GCTGCAGAGTAGATGT.1,6
GCTGCAGAGTTATCGC.1,1
GCTGCAGCACTTAACG.1,5
GCTGCAGGTTAAGACA.1,1
GCTGCAGTCAATCTCT.1,1
GCTGCAGTCACGACTA.1,5
GCTGCAGTCAGGTAAA.1,3
GCTGCAGTCGCACTCT.1,10
GCTGCAGTCGCCTGAG.1,4
GCTGCAGTCGGCTTGG.1,5
GCTGCGAAGACACTAA.1,1
GCTGCGACAAGTAATG.1,3
GCTGCGACACTTGGAT.1,4
GCTGCGACAGCTCGCA.1,2
GCTGCGACATCTGGTA.1,5
GCTGCGAGTATTAGCC.1,5
GCTGCGAGTCCGACGT.1,4
GCTGCGAGTCTAGTCA.1,2
GCTGCTTAGCGTCAAG.1,10
GCTGCTTAGCTCAACT.1,1
GCTGCTTAGTGTACGG.1,2
GCTGCTTGTCCCTTGT.1,1
GCTGCTTGTCCTCTTG.1,6
GCTGCTTGTGAGGCTA.1,5
GCTGCTTTCACCACCT.1,3
GCTGCTTTCAGTACGT.1,4
GCTGCTTTCTAACTTC.1,3
GCTGCTTTCTGGGCCA.1,3
GCTGGGTAGACAAAGG.1,1
GCTGGGTAGGTGCACA.1,4
GCTGGGTCAGCGTTCG.1,1
GCTGGGTGTCGCTTTC.1,4
GCTGGGTTCCTTCAAT.1,4
GCTGGGTTCGCAGGCT.1,2
GCTGGGTTCGCATGAT.1,3
GCTGGGTTCTACTCAT.1,5
GCTTCCAAGAGGTTAT.1,10
GCTTCCAAGCCATCGC.1,4
GCTTCCAAGTACGTTC.1,5
GCTTCCACACTCTGTC.1,5
GCTTCCACAGACTCGC.1,3
GCTTCCACAGTATAAG.1,4
GCTTCCAGTCTAAAGA.1,6
GCTTCCATCGGAGGTA.1,6
GCTTGAAAGCTACCTA.1,3
GCTTGAAAGGCGTACA.1,4
GCTTGAAAGTGAAGAG.1,4
GCTTGAAGTATCAGTC.1,3
GGAAAGCAGCGACGTA.1,7
GGAAAGCAGCTGTTCA.1,3
GGAAAGCAGTCGTACT.1,3
GGAAAGCCAGTGAGTG.1,5
GGAAAGCCATTATCTC.1,3
GGAAAGCTCGGCTTGG.1,5
GGAACTTAGCACACAG.1,2
GGAACTTAGGAACTGC.1,6
GGAACTTAGTAACCCT.1,2
GGAACTTAGTATTGGA.1,5
GGAACTTCACGTTGGC.1,3
GGAACTTCAGCTCGCA.1,3
GGAACTTCAGTATAAG.1,5
GGAACTTTCCATGAAC.1,3
GGAACTTTCGTAGATC.1,3
GGAACTTTCTGTCTAT.1,3
GGAATAAAGAATAGGG.1,6
GGAATAAAGAGGTTGC.1,4
GGAATAAAGCGTGAGT.1,6
GGAATAAGTTAGTGGG.1,1
GGAATAATCGGAGCAA.1,5
GGACAAGAGAGCTTCT.1,1
GGACAAGAGGCCATAG.1,2
GGACAAGCACCATCCT.1,4
GGACAAGGTAAACACA.1,2
GGACAAGGTAATCACC.1,2
GGACAAGGTATTACCG.1,2
GGACAAGGTCCGAGTC.1,2
GGACAAGTCAGAGACG.1,1
GGACAAGTCCTATGTT.1,10
GGACAAGTCGGCGCAT.1,5
GGACAAGTCTTGCATT.1,1
GGACAGAAGCCGATTT.1,4
GGACAGAAGGAGCGAG.1,10
GGACAGAAGGATATAC.1,7
GGACAGAAGGCTAGGT.1,1
GGACAGAAGGGTGTTG.1,8
GGACAGAAGTGACATA.1,3
GGACAGAAGTGTCCCG.1,2
GGACAGACAATGCCAT.1,1
GGACAGACATACAGCT.1,2
GGACAGACATGAACCT.1,1
GGACAGAGTAGAGCTG.1,4
GGACAGATCTTGAGAC.1,6
GGACATTAGCACACAG.1,2
GGACATTAGGTCATCT.1,1
GGACATTCAAGTCATC.1,1
GGACATTCATTATCTC.1,3
GGACATTGTCCTCTTG.1,1
GGACATTGTGGTAACG.1,1
GGACATTGTTAAGAAC.1,3
GGACATTGTTCAGCGC.1,1
GGACATTTCATAACCG.1,3
GGACATTTCCTATTCA.1,1
GGACATTTCCTTAATC.1,4
GGACATTTCTCTTATG.1,5
GGACGTCCAGTCAGCC.1,1
GGACGTCCATAAGACA.1,2
GGACGTCGTACGACCC.1,2
GGACGTCGTGTGGCTC.1,3
GGAGCAAAGACCTAGG.1,6
GGAGCAAAGCGAAGGG.1,6
GGAGCAAAGCGATTCT.1,3
GGAGCAAAGCTAGCCC.1,6
GGAGCAAAGGACAGAA.1,1
GGAGCAAAGTTTAGGA.1,6
GGAGCAACACCCAGTG.1,3
GGAGCAACACCTATCC.1,1
GGAGCAACAGTAAGAT.1,3
GGAGCAAGTTGTCGCG.1,6
GGAGCAATCAAGAAGT.1,2
GGAGCAATCCTGTAGA.1,4
GGAGCAATCTGGCGTG.1,2
GGAGCAATCTGTCTCG.1,2
GGATGTTAGACTTGAA.1,4
GGATGTTAGTAAGTAC.1,2
GGATGTTCAAATTGCC.1,1
GGATGTTCAATCAGAA.1,1
GGATGTTCAATCCGAT.1,4
GGATGTTCAATCTGCA.1,5
GGATGTTCAGGAACGT.1,5
GGATGTTCATCGGACC.1,4
GGATGTTGTATAAACG.1,1
GGATGTTGTCCGTCAG.1,2
GGATGTTGTCGCGTGT.1,2
GGATGTTGTGCAGTAG.1,6
GGATGTTGTGTGCGTC.1,5
GGATGTTGTTACAGAA.1,3
GGATGTTTCCAAAGTC.1,5
GGATGTTTCGTACGGC.1,1
GGATTACAGCGTGAGT.1,2
GGATTACCACGGACAA.1,6
GGATTACGTGCTGTAT.1,2
GGATTACTCACTTACT.1,5
GGATTACTCCTTTCGG.1,2
GGATTACTCGAGGTAG.1,4
GGATTACTCTGAAAGA.1,4
GGCAATTAGTTCGCGC.1,2
GGCAATTCACTACAGT.1,2
GGCAATTGTGAAATCA.1,2
GGCAATTGTGTTGAGG.1,2
GGCAATTTCATCGCTC.1,1
GGCCGATAGCCTCGTG.1,2
GGCCGATAGTACGATA.1,3
GGCCGATAGTTCCACA.1,2
GGCCGATCAATCCAAC.1,3
GGCCGATCAGCTGGCT.1,2
GGCCGATGTCTGCAAT.1,3
GGCCGATTCTACCAGA.1,4
GGCGACTAGAGCTATA.1,4
GGCGACTAGCCAGGAT.1,2
GGCGACTAGCGTGAAC.1,1
GGCGACTCACAACGCC.1,3
GGCGACTCATCTATGG.1,2
GGCGACTCATTAGGCT.1,4
GGCGACTGTAGCGATG.1,9
GGCGACTGTAGCTTGT.1,1
GGCGACTGTAGTGAAT.1,5
GGCGACTGTGATGTCT.1,2
GGCGACTTCGCCTGTT.1,3
GGCGACTTCTCCAACC.1,3
GGCGTGTAGGGTTCCC.1,8
GGCGTGTCAAACCTAC.1,2
GGCGTGTCAGTAAGAT.1,4
GGCGTGTCATACTCTT.1,4
GGCGTGTGTGAGTATA.1,6
GGCGTGTGTTCCGTCT.1,3
GGCGTGTTCTAGAGTC.1,9
GGCGTGTTCTGAGGGA.1,2
GGCGTGTTCTTACCTA.1,5
GGCTCGAAGAATAGGG.1,3
GGCTCGAAGTCTTGCA.1,4
GGCTCGAGTCAGAATA.1,1
GGCTCGAGTCGAGATG.1,3
GGCTCGAGTGTTCGAT.1,10
GGCTGGTAGAAGGCCT.1,3
GGCTGGTAGAGCTGCA.1,6
GGCTGGTAGTTAGGTA.1,10
GGCTGGTCACGGTAGA.1,4
GGCTGGTTCAGCCTAA.1,3
GGCTGGTTCATAGCAC.1,2
GGGAATGAGCCCGAAA.1,2
GGGAATGAGCGGCTTC.1,5
GGGAATGCAAACGCGA.1,3
GGGAATGCACATGACT.1,1
GGGAATGCACCCATTC.1,3
GGGAATGTCAGCACAT.1,2
GGGAATGTCCAGTATG.1,1
GGGACCTAGCACAGGT.1,6
GGGACCTAGCCAGTAG.1,5
GGGACCTAGCTGAACG.1,6
GGGACCTCAGTCTTCC.1,2
GGGACCTTCAGGATCT.1,5
GGGACCTTCATATCGG.1,2
GGGACCTTCCAATGGT.1,1
GGGACCTTCGTGTAGT.1,4
GGGAGATAGTGGGATC.1,1
GGGAGATCATACGCCG.1,3
GGGAGATCATCGGAAG.1,4
GGGAGATTCAACGAAA.1,7
GGGAGATTCTGAAAGA.1,6
GGGATGAAGCCAGGAT.1,2
GGGATGAAGGACAGCT.1,1
GGGATGAAGTACGCGA.1,5
GGGATGAAGTGCAAGC.1,3
GGGATGAAGTGGGTTG.1,2
GGGATGACACTGTTAG.1,2
GGGATGACATTATCTC.1,7
GGGATGAGTAATCACC.1,4
GGGATGAGTCGGCATC.1,6
GGGATGAGTGAAAGAG.1,1
GGGATGATCAGCATGT.1,1
GGGATGATCGCCAGCA.1,4
GGGATGATCTGGTATG.1,4
GGGATGATCTGGTTCC.1,9
GGGCACTAGGCTCAGA.1,2
GGGCACTAGGGCATGT.1,5
GGGCACTCAATCGAAA.1,1
GGGCACTCAGGCTGAA.1,1
GGGCACTGTAGGCTGA.1,6
GGGCACTGTCATATGC.1,2
GGGCACTGTCTCACCT.1,4
GGGCACTGTCTTGTCC.1,7
GGGCACTTCTACTCAT.1,5
GGGCATCCAAGTCTAC.1,2
GGGCATCCATGTCCTC.1,5
GGGCATCGTACATCCA.1,1
GGGCATCTCAGTTGAC.1,6
GGGTCTGAGCTATGCT.1,4
GGGTCTGAGTCTCAAC.1,6
GGGTCTGCATGGTTGT.1,4
GGGTCTGTCGTTACGA.1,3
GGGTTGCAGCCCTAAT.1,1
GGGTTGCAGTTGAGTA.1,5
GGGTTGCTCTGCTTGC.1,4
GGGTTGCTCTTTAGGG.1,1
GGTATTGAGAGATGAG.1,6
GGTATTGAGGGTCGAT.1,2
GGTATTGCAACTGGCC.1,7
GGTATTGCAGGAACGT.1,7
GGTATTGGTGCGATAG.1,4
GGTATTGTCCGAACGC.1,4
GGTATTGTCTATCGCC.1,2
GGTATTGTCTGAGTGT.1,3
GGTATTGTCTGATTCT.1,1
GGTGAAGAGCAACGGT.1,1
GGTGAAGAGTGTTAGA.1,4
GGTGAAGGTTACGGAG.1,5
GGTGAAGTCCCAACGG.1,10
GGTGAAGTCCGTCATC.1,10
GGTGAAGTCTGTCCGT.1,5
GGTGCGTAGCAATATG.1,2
GGTGCGTCAAGGACTG.1,4
GGTGCGTCATGTAAGA.1,6
GGTGCGTGTGTTGGGA.1,1
GGTGCGTGTTACGACT.1,5
GGTGCGTGTTCATGGT.1,4
GGTGCGTGTTCTGTTT.1,4
GGTGCGTTCATTCACT.1,4
GGTGCGTTCGCCAGCA.1,5
GGTGCGTTCGTGACAT.1,1
GGTGTTAAGCTCTCGG.1,3
GGTGTTAAGCTGATAA.1,3
GGTGTTAAGGACAGCT.1,3
GGTGTTACAAAGCGGT.1,1
GGTGTTACAAATTGCC.1,2
GGTGTTACACGACTCG.1,3
GGTGTTAGTTGTGGAG.1,7
GGTGTTATCGCCGTGA.1,7
GTAACGTAGAAGGGTA.1,4
GTAACGTAGGCGACAT.1,2
GTAACGTCAAAGGCGT.1,5
GTAACGTCACCTTGTC.1,3
GTAACGTCATTCTTAC.1,3
GTAACGTGTGAAAGAG.1,6
GTAACGTTCAACACCA.1,4
GTAACGTTCACAGTAC.1,6
GTAACGTTCCCATTAT.1,5
GTAACGTTCGGAATCT.1,3
GTAACTGGTCAGAAGC.1,5
GTAACTGGTTGCGTTA.1,3
GTAACTGGTTGTCGCG.1,1
GTACGTAAGATGAGAG.1,2
GTACGTAAGCCGGTAA.1,7
GTACGTAAGCTAACAA.1,3
GTACGTAAGTCTTGCA.1,6
GTACGTACAAGTTGTC.1,3
GTACGTACATTTGCCC.1,6
GTACGTATCAGTTAGC.1,2
GTACGTATCCCATTAT.1,3
GTACGTATCTCGCTTG.1,3
GTACGTATCTTACCGC.1,3
GTACGTATCTTTAGTC.1,3
GTACTCCAGATATGCA.1,3
GTACTCCAGATGTCGG.1,2
GTACTCCAGCGGCTTC.1,7
GTACTCCAGCTCCTTC.1,2
GTACTCCCAGCCTTGG.1,3
GTACTCCCAGCTCCGA.1,1
GTACTCCCAGGGTTAG.1,1
GTACTCCCAGTAAGCG.1,6
GTACTCCCATCGACGC.1,4
GTACTCCGTTAGAACA.1,4
GTACTCCTCCGATATG.1,2
GTACTTTAGCTAGTCT.1,1
GTACTTTAGCTGAAAT.1,6
GTACTTTAGTGAACAT.1,10
GTACTTTCAAACGTGG.1,3
GTACTTTCACAACTGT.1,9
GTACTTTGTCTAGAGG.1,10
GTACTTTGTGGCTCCA.1,5
GTACTTTTCACCTTAT.1,3
GTACTTTTCTACGAGT.1,6
GTAGGCCAGGCTACGA.1,4
GTAGGCCCAAGTTAAG.1,5
GTAGGCCGTGTGGTTT.1,7
GTAGGCCGTTTCCACC.1,6
GTAGGCCTCAGAAATG.1,8
GTAGGCCTCCACGTGG.1,3
GTAGTCAAGAGACTAT.1,5
GTAGTCACAACTTGAC.1,6
GTAGTCACAAGTCTGT.1,1
GTAGTCAGTATATCCG.1,2
GTAGTCAGTGACAAAT.1,2
GTAGTCAGTTCGGGCT.1,5
GTATCTTAGCGATTCT.1,8
GTATCTTAGCTACCTA.1,5
GTATCTTAGGCACATG.1,1
GTATCTTAGGCCCTTG.1,3
GTATCTTAGTCTTGCA.1,7
GTATCTTCATCGTCGG.1,5
GTATCTTCATGGTTGT.1,4
GTATCTTTCCAGATCA.1,3
GTATCTTTCCAGGGCT.1,5
GTATCTTTCCCTTGTG.1,3
GTATTCTAGAGCTGCA.1,4
GTATTCTAGCACAGGT.1,8
GTATTCTAGGACCACA.1,8
GTATTCTAGTGGACGT.1,1
GTATTCTCACGCTTTC.1,2
GTATTCTCATGTCCTC.1,4
GTATTCTTCAACACGT.1,5
GTATTCTTCTGGCGAC.1,4
GTCAAGTAGGATATAC.1,4
GTCAAGTAGGTAAACT.1,2
GTCAAGTAGTTATCGC.1,1
GTCAAGTCAAGCTGGA.1,4
GTCAAGTGTGGCGAAT.1,1
GTCAAGTTCCGTTGTC.1,2
GTCAAGTTCGTGGTCG.1,6
GTCAAGTTCGTTACAG.1,3
GTCACAAAGAGTTGGC.1,1
GTCACAAAGCGTGAAC.1,2
GTCACAAAGGTGATTA.1,6
GTCACAACAGAAGCAC.1,1
GTCACAACAGTTAACC.1,7
GTCACAACATACGCTA.1,3
GTCACAAGTGAAATCA.1,1
GTCACAATCGGAGGTA.1,5
GTCACGGAGTCAAGGC.1,3
GTCACGGCAGACAGGT.1,5
GTCACGGGTACAGACG.1,4
GTCACGGGTACCGAGA.1,4
GTCACGGGTCTCCATC.1,4
GTCACGGGTGAAATCA.1,2
GTCACGGTCAAGCCTA.1,3
GTCACGGTCGATAGAA.1,1
GTCATTTAGCATGGCA.1,1
GTCATTTAGGAATTAC.1,3
GTCATTTAGGCCGAAT.1,3
GTCATTTAGTGGGTTG.1,5
GTCATTTCAATCGAAA.1,6
GTCATTTCACAGCCCA.1,5
GTCATTTCATCAGTCA.1,9
GTCATTTGTAGAAAGG.1,2
GTCATTTGTATGAATG.1,1
GTCATTTGTCGCGAAA.1,2
GTCATTTGTTCGCTAA.1,7
GTCATTTGTTGAGGTG.1,1
GTCATTTGTTGGTGGA.1,5
GTCATTTTCAGTTAGC.1,1
GTCATTTTCCACGAAT.1,3
GTCATTTTCGTAGGAG.1,6
GTCATTTTCTTACCTA.1,7
GTCCTCAAGAGCTATA.1,3
GTCCTCAAGAGGTACC.1,3
GTCCTCACAACTGCGC.1,5
GTCCTCACACAGGAGT.1,2
GTCCTCACACTAAGTC.1,5
GTCCTCACAGCGAACA.1,3
GTCCTCACAGTGAGTG.1,5
GTCCTCACATACGCTA.1,4
GTCCTCAGTCAATGTC.1,2
GTCCTCATCAGCGATT.1,1
GTCGGGTAGATGTCGG.1,1
GTCGGGTCAAGTTGTC.1,4
GTCGGGTCAGGTGCCT.1,3
GTCGGGTCATCCGTGG.1,1
GTCGGGTGTAGCGTCC.1,3
GTCGGGTGTATATGGA.1,5
GTCGGGTGTGGTCCGT.1,5
GTCGGGTGTGTTCGAT.1,6
GTCGGGTTCACGATGT.1,4
GTCGGGTTCCACGACG.1,3
GTCGGGTTCCGATATG.1,3
GTCGTAAAGAACAACT.1,4
GTCGTAAGTATCAGTC.1,2
GTCGTAAGTCATATGC.1,8
GTCGTAAGTGCCTGTG.1,8
GTCGTAATCATGTAGC.1,3
GTCGTAATCTTCAACT.1,4
GTCTCGTAGCAGGTCA.1,3
GTCTCGTCAAGGACAC.1,1
GTCTCGTCAGTCCTTC.1,6
GTCTCGTCATCATCCC.1,3
GTCTCGTGTCACCCAG.1,4
GTCTCGTTCAATCTCT.1,1
GTCTCGTTCACCAGGC.1,4
GTCTCGTTCATAACCG.1,4
GTCTCGTTCGTCTGAA.1,4
GTCTCGTTCTTTACGT.1,1
GTCTTCGAGAGTCGGT.1,1
GTCTTCGAGGCAGTCA.1,6
GTCTTCGCAACCGCCA.1,5
GTCTTCGCAATGGATA.1,1
GTCTTCGCAGTTCCCT.1,2
GTCTTCGCATGCAACT.1,1
GTCTTCGGTACCGGCT.1,2
GTCTTCGGTAGAAAGG.1,3
GTCTTCGGTCTGGTCG.1,6
GTCTTCGTCCCTAACC.1,1
GTCTTCGTCCTTGACC.1,3
GTCTTCGTCTCTGCTG.1,1
GTCTTCGTCTGTGCAA.1,2
GTGAAGGAGCAGGTCA.1,6
GTGAAGGAGGATGGAA.1,3
GTGAAGGAGGCGATAC.1,7
GTGAAGGCACAAGACG.1,4
GTGAAGGGTCGAACAG.1,4
GTGAAGGGTTGTACAC.1,1
GTGAAGGTCAGCACAT.1,9
GTGAAGGTCCAAGCCG.1,7
GTGCAGCAGACGCAAC.1,3
GTGCAGCAGAGGTACC.1,5
GTGCAGCAGGGCATGT.1,4
GTGCAGCAGTCCATAC.1,7
GTGCAGCAGTGTACCT.1,1
GTGCAGCCACCTGGTG.1,1
GTGCAGCCATCACCCT.1,4
GTGCAGCCATGTCGAT.1,7
GTGCAGCGTAACGTTC.1,5
GTGCAGCTCATGTCCC.1,10
GTGCAGCTCCATGAGT.1,2
GTGCAGCTCTTGAGAC.1,1
GTGCATAAGTGAAGAG.1,1
GTGCATAAGTGTACCT.1,1
GTGCATACAAGGGTCA.1,4
GTGCATACACAAGTAA.1,2
GTGCATAGTAAGGGCT.1,4
GTGCATAGTAGCCTCG.1,1
GTGCATATCGAATGCT.1,2
GTGCGGTAGAGGTAGA.1,1
GTGCGGTCACGTCAGC.1,2
GTGCGGTCATCCGGGT.1,3
GTGCGGTGTAAGTGGC.1,1
GTGCGGTGTGACTCAT.1,1
GTGCGGTTCCTTGGTC.1,5
GTGCTTCAGCGATATA.1,6
GTGCTTCAGTCAAGGC.1,1
GTGCTTCCACATGACT.1,5
GTGCTTCCACGAAGCA.1,2
GTGCTTCCAGTCGTGC.1,1
GTGCTTCCATTTCACT.1,3
GTGCTTCGTCACAAGG.1,6
GTGCTTCTCAATCTCT.1,3
GTGGGTCAGGGTCGAT.1,3
GTGGGTCAGTAATCCC.1,1
GTGGGTCAGTTCGATC.1,1
GTGGGTCCAAGGACTG.1,3
GTGGGTCCACCGCTAG.1,1
GTGGGTCGTAATCACC.1,1
GTGGGTCTCAGCTTAG.1,4
GTGTGCGAGATATGCA.1,1
GTGTGCGAGGGCTTGA.1,1
GTGTGCGAGTCGTACT.1,1
GTGTGCGCAATAGCGG.1,2
GTGTGCGCAATCCGAT.1,3
GTGTGCGCACGTTGGC.1,1
GTGTGCGGTCTAGCGC.1,7
GTGTGCGGTGGGTCAA.1,5
GTGTGCGTCGCGCCAA.1,2
GTGTGCGTCGCTAGCG.1,1
GTGTTAGAGGGTGTGT.1,2
GTGTTAGAGTGCGTGA.1,1
GTGTTAGCAGCAGTTT.1,2
GTGTTAGCATACTCTT.1,8
GTGTTAGGTGAACCTT.1,4
GTGTTAGTCCTAGTGA.1,4
GTTAAGCCAAACAACA.1,4
GTTAAGCCAATGGAAT.1,1
GTTAAGCCACGCATCG.1,5
GTTAAGCCACTGAAGG.1,4
GTTAAGCCAGGACGTA.1,6
GTTAAGCCAGTAAGAT.1,3
GTTAAGCCAGTACACT.1,5
GTTAAGCGTAACGTTC.1,5
GTTAAGCGTAAGAGGA.1,2
GTTAAGCGTAGCGATG.1,3
GTTAAGCGTGTCCTCT.1,2
GTTAAGCTCACTTACT.1,1
GTTACAGAGAAACCGC.1,3
GTTACAGAGTAACCCT.1,8
GTTACAGAGTTAGCGG.1,3
GTTACAGCACAAGTAA.1,8
GTTACAGCAGTTCATG.1,2
GTTACAGGTCGTCTTC.1,2
GTTACAGGTTGATTGC.1,1
GTTACAGTCACCCGAG.1,3
GTTACAGTCACTTATC.1,6
GTTACAGTCGGTCCGA.1,5
GTTACAGTCGTCCAGG.1,2
GTTACAGTCGTCTGAA.1,4
GTTACAGTCTAACCGA.1,1
GTTACAGTCTCCAGGG.1,4
GTTCATTAGAATGTGT.1,1
GTTCATTAGGAGTAGA.1,3
GTTCATTAGGCCCTCA.1,3
GTTCATTAGTACACCT.1,2
GTTCATTAGTATCGAA.1,1
GTTCATTAGTCCTCCT.1,4
GTTCATTCAATCTGCA.1,3
GTTCATTGTCAAAGCG.1,2
GTTCATTGTTCAGTAC.1,3
GTTCATTTCATAAAGG.1,3
GTTCATTTCTCTTATG.1,1
GTTCGGGAGATGAGAG.1,1
GTTCGGGAGGTGATTA.1,4
GTTCGGGCAGCCAGAA.1,5
GTTCGGGGTATTCGTG.1,3
GTTCGGGGTCTAGTCA.1,2
GTTCGGGTCGCCAGCA.1,5
GTTCGGGTCTTTAGGG.1,5
GTTCTCGAGAAACGAG.1,1
GTTCTCGAGACCACGA.1,5
GTTCTCGAGTGAAGTT.1,1
GTTCTCGCAACACCTA.1,6
GTTCTCGCAATGGAGC.1,2
GTTCTCGCATACTCTT.1,4
GTTCTCGGTAAGTGTA.1,8
GTTCTCGGTCCAGTTA.1,6
GTTCTCGGTGTTTGGT.1,5
GTTCTCGTCACAGTAC.1,5
GTTCTCGTCAGCTCGG.1,6
GTTCTCGTCATTATCC.1,2
GTTCTCGTCTGTGCAA.1,9
GTTTCTACATCAGTAC.1,2
GTTTCTATCGAGAACG.1,1
GTTTCTATCTTTACGT.1,2
TAAACCGAGCGAGAAA.1,1
TAAACCGAGCTAACTC.1,3
TAAACCGAGTACGTAA.1,6
TAAACCGAGTGCGATG.1,2
TAAACCGCAGACACTT.1,5
TAAACCGCATGTTCCC.1,6
TAAACCGGTAAGGGAA.1,1
TAAACCGGTCGGCACT.1,3
TAAACCGGTTAAGAAC.1,1
TAAACCGTCAAACCGT.1,2
TAAACCGTCCAGTATG.1,1
TAAACCGTCTGTGCAA.1,2
TAAGAGAAGCCATCGC.1,4
TAAGAGAAGGATGCGT.1,6
TAAGAGAAGTGGGTTG.1,2
TAAGAGAGTTTGGGCC.1,6
TAAGAGATCAGCGATT.1,4
TAAGAGATCCGAGCCA.1,1
TAAGAGATCTACGAGT.1,1
TAAGCGTAGAAAGTGG.1,3
TAAGCGTAGAGGTAGA.1,5
TAAGCGTAGTCCATAC.1,2
TAAGCGTAGTTACCCA.1,4
TAAGCGTCACGAGGTA.1,2
TAAGCGTCAGCATACT.1,3
TAAGCGTCATCTATGG.1,5
TAAGCGTGTCACTTCC.1,4
TAAGCGTGTCTGCGGT.1,1
TAAGTGCAGCGTCAAG.1,6
TAAGTGCAGCTATGCT.1,2
TAAGTGCAGTAAGTAC.1,5
TAAGTGCAGTAGGCCA.1,4
TAAGTGCAGTATCGAA.1,2
TAAGTGCCATGCAACT.1,5
TAAGTGCGTCGCTTTC.1,5
TAAGTGCTCTGGCGTG.1,3
TAAGTGCTCTTGACGA.1,3
TACACGACAAGACACG.1,2
TACACGACATGGAATA.1,4
TACACGAGTAGCACGA.1,1
TACACGATCTATCCTA.1,10
TACAGTGCATATGGTC.1,6
TACAGTGGTGAAGGCT.1,6
TACAGTGGTTCAGACT.1,3
TACAGTGGTTGATTCG.1,5
TACAGTGGTTTCGCTC.1,6
TACAGTGTCACAAACC.1,6
TACAGTGTCGGAATCT.1,5
TACCTATAGACAAGCC.1,6
TACCTATAGGGTCTCC.1,3
TACCTATCACGGTAAG.1,3
TACCTATCAGCCTATA.1,1
TACCTATGTAAGCACG.1,1
TACCTATGTAGGACAC.1,1
TACCTATGTCACTTCC.1,2
TACCTATTCCCTGACT.1,1
TACCTATTCCTTGACC.1,4
TACCTATTCTACCAGA.1,6
TACCTATTCTGGCGAC.1,6
TACCTATTCTTCTGGC.1,3
TACCTTAAGCAAATCA.1,2
TACCTTAAGGGTCGAT.1,2
TACCTTACAACCGCCA.1,2
TACCTTACAAGCTGAG.1,1
TACCTTACAATAACGA.1,1
TACCTTACAATCGGTT.1,1
TACCTTACATAGGATA.1,1
TACCTTAGTCTCCACT.1,1
TACCTTAGTGCGGTAA.1,4
TACCTTATCATTGCCC.1,7
TACCTTATCCAACCAA.1,4
TACGGATAGACATAAC.1,4
TACGGATAGAGTCGGT.1,1
TACGGATAGAGTCTGG.1,3
TACGGATAGTGAACAT.1,1
TACGGATAGTTAACGA.1,1
TACGGATCACAGACTT.1,3
TACGGATCACAGGCCT.1,3
TACGGATCACATTTCT.1,7
TACGGATCATGAAGTA.1,3
TACGGATGTGGGTCAA.1,2
TACGGATTCACATAGC.1,3
TACGGATTCCAGTAGT.1,1
TACGGGCAGAGACGAA.1,4
TACGGGCAGCACACAG.1,3
TACGGGCAGCTCCCAG.1,5
TACGGGCCAAGACGTG.1,2
TACGGGCGTTAAGTAG.1,5
TACGGGCTCCTTTCTC.1,1
TACGGTAAGACTTTCG.1,1
TACGGTAAGATGGCGT.1,1
TACGGTAAGCTAGTCT.1,5
TACGGTAAGGCCCTCA.1,5
TACGGTAAGGGTGTGT.1,2
TACGGTAAGTGAACAT.1,8
TACGGTACACCGGAAA.1,10
TACGGTACAGTTTACG.1,1
TACGGTACATCACAAC.1,8
TACGGTAGTCACTTCC.1,2
TACGGTAGTCGCATAT.1,4
TACGGTATCTTGTTTG.1,3
TACTCATCAATAGAGT.1,1
TACTCATCAGCTGCTG.1,5
TACTCATCATGCTAGT.1,1
TACTCATGTAATTGGA.1,2
TACTCATGTAGCTGCC.1,1
TACTCATGTGGTAACG.1,5
TACTCATGTTACCGAT.1,2
TACTCATGTTTAGCTG.1,3
TACTCATTCGCCTGTT.1,6
TACTCGCAGAGCTGGT.1,2
TACTCGCAGAGTTGGC.1,9
TACTCGCAGCCATCGC.1,2
TACTCGCAGCCCAGCT.1,6
TACTCGCCACGCCAGT.1,10
TACTCGCCATCGGGTC.1,7
TACTCGCGTCCCTTGT.1,2
TACTCGCGTGAGTGAC.1,3
TACTCGCTCAGGATCT.1,1
TACTCGCTCCTGTAGA.1,3
TACTCGCTCGGCTTGG.1,1
TACTCGCTCTTTCCTC.1,6
TACTTACAGGACTGGT.1,4
TACTTACCACTGCCAG.1,3
TACTTACCAGCCTGTG.1,2
TACTTACGTTCGAATC.1,4
TACTTGTAGATCCGAG.1,4
TACTTGTAGCTGCAAG.1,5
TACTTGTAGTTCGCAT.1,2
TACTTGTGTAAGAGGA.1,1
TACTTGTGTACTCAAC.1,2
TACTTGTGTAGTAGTA.1,4
TACTTGTGTATCAGTC.1,4
TACTTGTGTGCTGTAT.1,6
TACTTGTTCCAGGGCT.1,5
TAGACCAAGCCCAATT.1,1
TAGACCAAGCCTATGT.1,4
TAGACCAAGCTAAACA.1,3
TAGACCAAGTCGCCGT.1,3
TAGACCAAGTTTAGGA.1,7
TAGACCACAAGCCCAC.1,2
TAGACCAGTTCCAACA.1,1
TAGACCAGTTGAGGTG.1,3
TAGACCATCACGACTA.1,5
TAGACCATCGGAGGTA.1,1
TAGACCATCTTTAGTC.1,5
TAGAGCTAGTACGACG.1,3
TAGAGCTAGTTGTCGT.1,4
TAGAGCTCAAGGTTTC.1,5
TAGAGCTCAGCCAGAA.1,4
TAGAGCTGTCCGCTGA.1,3
TAGAGCTGTCTTCAAG.1,6
TAGAGCTGTGCACTTA.1,1
TAGAGCTGTTCCAACA.1,9
TAGAGCTTCACTTATC.1,1
TAGAGCTTCGGCATCG.1,2
TAGAGCTTCTGGTGTA.1,7
TAGCCGGAGTACGTAA.1,3
TAGCCGGCAACGCACC.1,7
TAGCCGGCACGAAGCA.1,5
TAGCCGGGTAAGGATT.1,5
TAGCCGGTCCGGCACA.1,3
TAGCCGGTCCTTTCGG.1,2
TAGCCGGTCGCCGTGA.1,3
TAGGCATAGACACTAA.1,6
TAGGCATAGCGTCTAT.1,1
TAGGCATAGGAGTTTA.1,1
TAGGCATAGTCAATAG.1,5
TAGGCATCAATACGCT.1,2
TAGGCATCACAGATTC.1,3
TAGGCATCACTCAGGC.1,2
TAGGCATCAGGAATGC.1,1
TAGGCATCATAGGATA.1,1
TAGGCATGTATTCTCT.1,3
TAGGCATTCAACTCTT.1,3
TAGGCATTCACGCATA.1,1
TAGGCATTCTGTTGAG.1,1
TAGTGGTAGTGTTTGC.1,4
TAGTGGTCAATTCCTT.1,9
TAGTGGTCAGCTGTAT.1,6
TAGTGGTCAGTCCTTC.1,2
TAGTGGTGTCGACTGC.1,3
TAGTGGTGTCGTTGTA.1,8
TAGTGGTTCACTCCTG.1,1
TAGTTGGAGAACTGTA.1,10
TAGTTGGAGGGAAACA.1,1
TAGTTGGCAGCGAACA.1,5
TAGTTGGCAGCTGTAT.1,2
TAGTTGGGTCACCCAG.1,1
TAGTTGGGTTAAGAAC.1,3
TAGTTGGTCGAACGGA.1,4
TAGTTGGTCTCTTGAT.1,3
TATCAGGAGCAAATCA.1,7
TATCAGGAGCCACGTC.1,1
TATCAGGAGGCATTGG.1,2
TATCAGGCATGCAACT.1,1
TATCAGGCATTCCTGC.1,1
TATCAGGGTGACAAAT.1,1
TATCAGGGTTACCAGT.1,5
TATCAGGGTTGAGTTC.1,5
TATCAGGTCAGCTTAG.1,1
TATCAGGTCCGTCATC.1,4
TATCAGGTCGCAGGCT.1,1
TATCAGGTCGTCTGAA.1,2
TATCTCAAGGATGTAT.1,3
TATCTCACACAAGCCC.1,2
TATCTCACATGAGCGA.1,5
TATCTCAGTGATGCCC.1,2
TATCTCATCATGTCCC.1,1
TATGCCCAGACAAAGG.1,4
TATGCCCAGAGTGAGA.1,7
TATGCCCAGATCCGAG.1,4
TATGCCCAGCTAAGAT.1,2
TATGCCCAGTGTACGG.1,5
TATGCCCCAAAGAATC.1,2
TATGCCCCAACGATCT.1,6
TATGCCCCAAGAGGCT.1,5
TATGCCCCATCGGAAG.1,3
TATGCCCGTTTGACTG.1,2
TATGCCCTCACTATTC.1,4
TATGCCCTCCCTCAGT.1,1
TATGCCCTCCTGTACC.1,1
TATTACCAGAGGTACC.1,6
TATTACCAGGTGCTTT.1,2
TATTACCAGTATCGAA.1,5
TATTACCCAAGACGTG.1,1
TATTACCCACTCGACG.1,7
TATTACCTCCCGGATG.1,1
TATTACCTCCTCAATT.1,4
TATTACCTCTGGAGCC.1,2
TCAACGAAGCGTCTAT.1,10
TCAACGACAACGATGG.1,1
TCAACGACAATGAATG.1,2
TCAACGACAGTGGAGT.1,6
TCAACGACATTTCAGG.1,1
TCAACGAGTACATCCA.1,5
TCAACGAGTTGCGTTA.1,1
TCAACGATCCTGTACC.1,1
TCAATCTAGGGTCGAT.1,4
TCAATCTCACCACGTG.1,10
TCAATCTGTCGCTTCT.1,10
TCAATCTGTTCACCTC.1,2
TCAATCTTCTGTGCAA.1,3
TCAATCTTCTTACCTA.1,2
TCACAAGAGAATCTCC.1,4
TCACAAGAGAGTACCG.1,1
TCACAAGAGATATGCA.1,3
TCACAAGAGTCTCCTC.1,1
TCACAAGCACTGTCGG.1,5
TCACAAGCAGTCGTGC.1,2
TCACAAGGTATAAACG.1,5
TCACAAGGTATAGGTA.1,1
TCACAAGGTATCGCAT.1,7
TCACAAGGTCGCTTCT.1,1
TCACAAGGTTCAGACT.1,3
TCACAAGGTTCTGTTT.1,1
TCACAAGTCATTATCC.1,5
TCACGAAAGAATGTTG.1,2
TCACGAAAGAGTTGGC.1,1
TCACGAAAGCCCTAAT.1,4
TCACGAAAGCGATTCT.1,1
TCACGAAAGTCCATAC.1,5
TCACGAACAAAGTCAA.1,2
TCACGAACATCCAACA.1,2
TCACGAAGTGAGGCTA.1,1
TCACGAAGTTAAGAAC.1,5
TCACGAATCCAGTATG.1,3
TCAGATGAGCAGGCTA.1,10
TCAGATGAGTCCGGTC.1,2
TCAGATGGTTCGAATC.1,2
TCAGATGTCAATCACG.1,3
TCAGCAAAGGCGATAC.1,4
TCAGCAAAGTATTGGA.1,2
TCAGCAACAGAGCCAA.1,1
TCAGCAACAGGAACGT.1,1
TCAGCAACATCCGGGT.1,4
TCAGCAAGTACCAGTT.1,2
TCAGCAAGTATCTGCA.1,2
TCAGCAAGTATTACCG.1,10
TCAGCAAGTCGACTGC.1,2
TCAGCAATCAGCGATT.1,4
TCAGCTCAGACAGGCT.1,6
TCAGCTCAGGTACTCT.1,4
TCAGCTCAGTATCTCG.1,1
TCAGCTCCAACAACCT.1,6
TCAGCTCCAAGCGATG.1,5
TCAGCTCCAATGGAAT.1,1
TCAGCTCCACTGTTAG.1,1
TCAGGATAGCCACGTC.1,8
TCAGGATGTGTGGTTT.1,5
TCAGGATTCCTCGCAT.1,1
TCAGGATTCTGCAGTA.1,2
TCAGGTAAGATGGCGT.1,4
TCAGGTAAGGAGCGTT.1,5
TCAGGTAAGGCACATG.1,4
TCAGGTAGTGCGAAAC.1,5
TCAGGTAGTGTCCTCT.1,2
TCAGGTATCAAAGTAG.1,1
TCAGGTATCATCTGTT.1,6
TCAGGTATCCACTGGG.1,1
TCATTACCATCTCGCT.1,9
TCATTACCATTAGCCA.1,6
TCATTACGTCCGAACC.1,10
TCATTACGTCTTCTCG.1,3
TCATTACTCAAGAAGT.1,3
TCATTACTCTATCCCG.1,6
TCATTACTCTTGAGGT.1,6
TCATTTGAGCGCCTCA.1,5
TCATTTGAGTACTTGC.1,3
TCATTTGCAAGCCATT.1,3
TCATTTGCAGTATAAG.1,1
TCATTTGTCAGAAATG.1,10
TCATTTGTCATTATCC.1,2
TCCACACAGAGTGAGA.1,2
TCCACACAGCATCATC.1,4
TCCACACAGGCATTGG.1,3
TCCACACCAAGTTGTC.1,2
TCCACACCATCGTCGG.1,6
TCCACACCATTCCTGC.1,1
TCCACACGTGTCTGAT.1,3
TCCACACGTTCCACTC.1,1
TCCACACGTTGGTAAA.1,2
TCCACACTCATTGCCC.1,2
TCCACACTCCCGACTT.1,5
TCCACACTCGAACGGA.1,1
TCCCGATAGACCCACC.1,8
TCCCGATCACCAACCG.1,1
TCCCGATGTCTCACCT.1,2
TCCCGATGTGACTCAT.1,3
TCCCGATGTGTTCTTT.1,5
TCCCGATTCTTCATGT.1,3
TCGAGGCAGACAGGCT.1,2
TCGAGGCAGAGGTACC.1,4
TCGAGGCGTAGAAGGA.1,1
TCGAGGCGTTGCGCAC.1,1
TCGAGGCGTTTGTTGG.1,2
TCGCGAGAGCAATCTC.1,5
TCGCGAGCAATCCAAC.1,3
TCGCGAGCAGTCGTGC.1,2
TCGCGAGGTAAAGTCA.1,5
TCGCGAGGTAGAAGGA.1,5
TCGCGAGGTCGAATCT.1,5
TCGCGAGTCAAGGCTT.1,5
TCGCGAGTCATGTCCC.1,7
TCGCGAGTCCCTGACT.1,2
TCGCGAGTCGCTTAGA.1,3
TCGCGTTAGACCACGA.1,7
TCGCGTTAGTACGCGA.1,10
TCGCGTTAGTGAAGTT.1,8
TCGCGTTAGTGCAAGC.1,1
TCGCGTTCAATCCGAT.1,8
TCGCGTTCACTGAAGG.1,2
TCGCGTTCAGAGCCAA.1,2
TCGCGTTGTCGCCATG.1,4
TCGCGTTGTCGGCACT.1,2
TCGCGTTGTCTAACGT.1,1
TCGCGTTGTTATCCGA.1,9
TCGCGTTGTTGGTGGA.1,2
TCGCGTTTCATGCTCC.1,10
TCGCGTTTCTTCGAGA.1,6
TCGGGACAGGATATAC.1,1
TCGGGACCACAGGAGT.1,1
TCGGGACCAGCCTGTG.1,3
TCGGGACGTACGCTGC.1,4
TCGGGACGTGACTCAT.1,6
TCGGTAAAGCCATCGC.1,9
TCGGTAACATCTCCCA.1,9
TCGGTAACATTAGGCT.1,2
TCGGTAAGTCTAGCCG.1,4
TCGGTAAGTGAGGGAG.1,4
TCGGTAAGTGTTGAGG.1,5
TCGGTAAGTTGCTCCT.1,4
TCGGTAATCATGCATG.1,3
TCGTACCAGACGACGT.1,9
TCGTACCAGCTAAGAT.1,10
TCGTACCCACGGTAAG.1,4
TCGTACCCACTTACGA.1,1
TCGTACCCAGTACACT.1,3
TCGTACCGTAGTGAAT.1,1
TCGTACCGTCTCACCT.1,5
TCGTACCTCGTTTGCC.1,1
TCGTAGACAATAAGCA.1,6
TCGTAGACACAGATTC.1,3
TCGTAGAGTAAGAGGA.1,3
TCGTAGAGTCACAAGG.1,9
TCGTAGAGTTCGTGAT.1,1
TCGTAGATCGTATCAG.1,1
TCTATTGAGGGATCTG.1,1
TCTATTGAGGGCTTCC.1,4
TCTATTGCATATACGC.1,3
TCTATTGCATGGGAAC.1,3
TCTATTGCATGGTCAT.1,7
TCTATTGGTAACGCGA.1,2
TCTATTGGTTTGACTG.1,7
TCTATTGTCACTCTTA.1,5
TCTATTGTCGGACAAG.1,1
TCTCATAAGGGATGGG.1,9
TCTCATAAGGTCGGAT.1,4
TCTCATAAGTGTCTCA.1,2
TCTCATACAACGATGG.1,1
TCTCATACATCACGTA.1,5
TCTCATAGTGTTAAGA.1,3
TCTCTAAAGCCGCCTA.1,5
TCTCTAAAGGCAAAGA.1,1
TCTCTAACATTTGCTT.1,5
TCTCTAAGTAAGAGGA.1,5
TCTCTAATCCCTAATT.1,2
TCTCTAATCGGTCCGA.1,1
TCTGAGAAGGGAAACA.1,5
TCTGAGACATGATCCA.1,3
TCTGAGACATGTTCCC.1,2
TCTGAGAGTCCGCTGA.1,3
TCTGAGATCAGCTCGG.1,2
TCTGGAAAGGAATCGC.1,10
TCTGGAACACAGACTT.1,4
TCTGGAAGTAAACCTC.1,6
TCTGGAAGTCTCCATC.1,5
TCTGGAATCGCCTGTT.1,3
TCTGGAATCTGCGGCA.1,7
TCTGGAATCTTCGAGA.1,8
TCTTCGGCAATGGATA.1,4
TCTTCGGCACTTGGAT.1,2
TCTTCGGCAGATCTGT.1,9
TCTTCGGCAGGATTGG.1,4
TCTTCGGGTAGTGAAT.1,2
TCTTCGGGTTCCCGAG.1,6
TCTTCGGGTTGGTAAA.1,1
TCTTTCCAGACATAAC.1,1
TCTTTCCAGCGATAGC.1,1
TCTTTCCCACAACTGT.1,2
TCTTTCCCACCAGCAC.1,7
TCTTTCCCAGGACGTA.1,4
TCTTTCCTCCACTCCA.1,6
TCTTTCCTCTGCGACG.1,6
TGAAAGAGTCGGCATC.1,3
TGAAAGAGTGTTCTTT.1,4
TGAAAGAGTTCTCATT.1,5
TGAAAGATCCAATGGT.1,8
TGACAACAGGAGCGTT.1,3
TGACAACCAAACGTGG.1,1
TGACAACCAATGGAAT.1,3
TGACAACCACATGTGT.1,2
TGACAACCACCAACCG.1,1
TGACAACCACCGAAAG.1,6
TGACAACGTCGCGTGT.1,6
TGACAACGTTACGTCA.1,1
TGACAACGTTATCGGT.1,2
TGACAACGTTCCCTTG.1,3
TGACAACTCGTTGCCT.1,1
TGACAACTCGTTTGCC.1,5
TGACGGCAGAGCTATA.1,4
TGACGGCCAGATGGGT.1,3
TGACGGCGTCACCTAA.1,4
TGACGGCGTCGGGTCT.1,6
TGACGGCGTGCGGTAA.1,1
TGACGGCTCATGCTCC.1,5
TGACGGCTCATTCACT.1,1
TGACTAGAGACACTAA.1,1
TGACTAGAGACGCTTT.1,3
TGACTAGAGAGCTGGT.1,5
TGACTAGCACGAAATA.1,1
TGACTAGCATGAAGTA.1,4
TGACTAGGTATCAGTC.1,2
TGACTAGTCCGCGGTA.1,2
TGACTTTAGAAACCAT.1,5
TGACTTTAGGAGTCTG.1,2
TGACTTTAGTCGTACT.1,2
TGACTTTCACAAGACG.1,3
TGACTTTCAGTACACT.1,5
TGACTTTCATTCTTAC.1,2
TGACTTTGTACAAGTA.1,1
TGACTTTGTACCGCTG.1,5
TGACTTTGTCTCCACT.1,8
TGACTTTGTGAAATCA.1,5
TGACTTTTCAACACGT.1,1
TGACTTTTCATGCATG.1,4
TGAGAGGAGACGCTTT.1,2
TGAGAGGAGCCGTCGT.1,3
TGAGAGGAGTGACTCT.1,3
TGAGAGGAGTGCAAGC.1,6
TGAGAGGAGTTTAGGA.1,5
TGAGAGGCACCATGTA.1,4
TGAGAGGCAGGGAGAG.1,6
TGAGAGGTCATGTCTT.1,1
TGAGCATAGTATGACA.1,4
TGAGCATCAGTGAGTG.1,1
TGAGCATGTTGACGTT.1,2
TGAGCATGTTTGTGTG.1,4
TGAGCATTCTCGAGTA.1,1
TGAGCCGAGAGACGAA.1,5
TGAGCCGCAGGGTATG.1,4
TGAGCCGCAGTCAGAG.1,4
TGAGCCGCATAGAAAC.1,2
TGAGCCGGTAGCTAAA.1,3
TGAGCCGGTCCTAGCG.1,7
TGAGCCGGTCGACTAT.1,3
TGAGCCGTCCTCAATT.1,3
TGAGGGAAGAAGGACA.1,3
TGAGGGACACCACCAG.1,4
TGAGGGACACGGACAA.1,5
TGAGGGACAGCTCGAC.1,2
TGAGGGACAGCTGCTG.1,7
TGAGGGACAGTCAGCC.1,4
TGAGGGAGTACACCGC.1,7
TGAGGGAGTCTGGTCG.1,6
TGAGGGAGTTGTGGAG.1,3
TGAGGGATCATGCATG.1,3
TGATTTCAGACAATAC.1,3
TGATTTCAGCAGCCTC.1,4
TGATTTCAGGAGTACC.1,5
TGATTTCCAAGTACCT.1,2
TGATTTCCAGGACCCT.1,4
TGATTTCCAGGTCCAC.1,3
TGATTTCCATCAGTAC.1,4
TGATTTCGTCAGGACA.1,3
TGATTTCTCCACGAAT.1,2
TGCACCTAGAGCAATT.1,2
TGCACCTCAATCTGCA.1,4
TGCACCTCACGTAAGG.1,2
TGCCAAAAGAAGGGTA.1,6
TGCCAAAAGCGTGAAC.1,5
TGCCAAAAGTGTACGG.1,3
TGCCAAAGTCGTTGTA.1,4
TGCCAAAGTGGGTCAA.1,4
TGCCAAATCCTAGTGA.1,1
TGCCAAATCTGTCTCG.1,4
TGCCCATAGGCGATAC.1,5
TGCCCATCAACTGGCC.1,2
TGCCCATCACCCATGG.1,2
TGCCCATGTCCGAACC.1,1
TGCCCATTCTTACCTA.1,3
TGCCCTAAGAGCCCAA.1,1
TGCCCTAAGGACAGAA.1,4
TGCCCTAAGTACGCGA.1,6
TGCCCTACACCGAATT.1,2
TGCCCTACAGCATACT.1,1
TGCCCTACAGTCAGCC.1,10
TGCCCTACATACTCTT.1,6
TGCCCTAGTCTGCGGT.1,2
TGCGCAGAGAAGGGTA.1,1
TGCGCAGGTACAGTTC.1,3
TGCGCAGGTCTTGATG.1,3
TGCGGGTAGCTCCTCT.1,4
TGCGGGTAGGATGGTC.1,6
TGCGGGTCACCAGGTC.1,1
TGCGGGTCAGGTTTCA.1,4
TGCGGGTCATTGGGCC.1,7
TGCGGGTTCATCTGTT.1,2
TGCGGGTTCGTATCAG.1,3
TGCGTGGCAAGCGAGT.1,7
TGCGTGGCAGCGAACA.1,5
TGCGTGGGTTCGAATC.1,4
TGCGTGGTCACATGCA.1,5
TGCGTGGTCCAGGGCT.1,3
TGCGTGGTCGGTCCGA.1,4
TGCGTGGTCTTGCCGT.1,3
TGCTACCAGAAGCCCA.1,2
TGCTACCAGAGGTAGA.1,8
TGCTACCAGTGCTGCC.1,2
TGCTACCCACAGGTTT.1,2
TGCTACCCAGCGTCCA.1,6
TGCTACCCATGAAGTA.1,1
TGCTACCGTACGAAAT.1,5
TGCTACCGTATGAAAC.1,5
TGCTACCTCACTCCTG.1,3
TGCTACCTCTGGGCCA.1,6
TGCTGCTAGCGTCAAG.1,5
TGCTGCTAGCTAGTTC.1,1
TGCTGCTAGCTCCTTC.1,1
TGCTGCTAGGACACCA.1,3
TGCTGCTAGTACGCCC.1,3
TGCTGCTCAAAGGTGC.1,6
TGCTGCTCAAGTCATC.1,7
TGCTGCTCAATGGTCT.1,3
TGCTGCTCAATTCCTT.1,3
TGCTGCTCACACAGAG.1,2
TGCTGCTCAGCTCGAC.1,2
TGCTGCTGTAGCGCAA.1,2
TGCTGCTGTCTTCTCG.1,2
TGCTGCTGTGGTGTAG.1,9
TGCTGCTTCATGTCCC.1,4
TGCTGCTTCCAATGGT.1,5
TGCTGCTTCGATCCCT.1,1
TGCTGCTTCGTCGTTC.1,5
TGGACGCAGACGCTTT.1,3
TGGACGCTCATAACCG.1,3
TGGACGCTCTGCTTGC.1,2
TGGACGCTCTGGTTCC.1,1
TGGCCAGGTCGTGGCT.1,4
TGGCCAGTCATCGGAT.1,3
TGGCGCAAGCCGTCGT.1,7
TGGCGCAAGCGATGAC.1,5
TGGCGCAAGGACAGCT.1,4
TGGCGCACAGGAATCG.1,3
TGGCGCAGTCTAGTCA.1,2
TGGCGCAGTCTTCAAG.1,2
TGGCGCAGTGCAACTT.1,2
TGGCGCAGTGTGGTTT.1,5
TGGCGCAGTTCTGTTT.1,3
TGGCTGGAGAAGGTTT.1,1
TGGCTGGAGACTGTAA.1,1
TGGCTGGAGTGTGAAT.1,4
TGGCTGGCAAGTCTAC.1,8
TGGCTGGCAATTGCTG.1,3
TGGCTGGCACGAAGCA.1,7
TGGCTGGCACGGATAG.1,1
TGGCTGGGTTGATTGC.1,4
TGGCTGGTCCCACTTG.1,5
TGGCTGGTCGATAGAA.1,1
TGGCTGGTCTGCGTAA.1,1
TGGCTGGTCTTTCCTC.1,2
TGGGAAGAGAAACCTA.1,4
TGGGAAGCAAACTGTC.1,2
TGGGAAGCACCACCAG.1,3
TGGGAAGGTGTGACCC.1,1
TGGGAAGTCCGCAAGC.1,5
TGGGAAGTCCGCGCAA.1,8
TGGGCGTAGTGTACCT.1,1
TGGGCGTCATGGGACA.1,2
TGGGCGTCATTGGCGC.1,2
TGGGCGTGTGCTTCTC.1,8
TGGGCGTGTGGTAACG.1,6
TGGGCGTTCACAAACC.1,3
TGGGCGTTCACAGGCC.1,5
TGGGCGTTCCGTCAAA.1,9
TGGGCGTTCTGGTATG.1,2
TGGGCGTTCTGTCCGT.1,1
TGGTTAGAGAAACCAT.1,1
TGGTTAGAGACAGAGA.1,4
TGGTTAGAGGGTATCG.1,4
TGGTTAGAGGTTACCT.1,2
TGGTTAGCACTCAGGC.1,2
TGGTTAGCAGCCTTGG.1,1
TGGTTAGCATCAGTCA.1,1
TGGTTAGCATCGGACC.1,4
TGGTTAGGTTCCCGAG.1,3
TGGTTAGTCACCAGGC.1,1
TGGTTAGTCATGCAAC.1,2
TGGTTAGTCCGTACAA.1,5
TGGTTAGTCGGCTACG.1,2
TGGTTAGTCTAACCGA.1,7
TGGTTCCAGAACTGTA.1,4
TGGTTCCAGACAAAGG.1,5
TGGTTCCAGCTAACAA.1,4
TGGTTCCAGCTGATAA.1,2
TGGTTCCCATTGGTAC.1,5
TGGTTCCGTGCAGTAG.1,4
TGGTTCCTCAAGAAGT.1,2
TGGTTCCTCAGCCTAA.1,3
TGGTTCCTCCTAGGGC.1,4
TGGTTCCTCCTCATTA.1,6
TGGTTCCTCTGCCCTA.1,3
TGTATTCAGAGATGAG.1,9
TGTATTCAGAGTAATC.1,3
TGTATTCAGGAGTAGA.1,2
TGTATTCAGTTACGGG.1,3
TGTATTCGTCAACTGT.1,5
TGTATTCGTCATGCCG.1,3
TGTATTCGTCTTGCGG.1,5
TGTATTCTCCACGCAG.1,6
TGTATTCTCCCAAGAT.1,2
TGTATTCTCCGCATCT.1,5
TGTATTCTCTCGGACG.1,4
TGTCCCAAGATAGCAT.1,8
TGTCCCACACGAAGCA.1,2
TGTCCCAGTCATGCAT.1,5
TGTCCCAGTTGGTGGA.1,2
TGTCCCAGTTTCGCTC.1,4
TGTCCCATCGCGATCG.1,6
TGTGGTAAGAGGGATA.1,2
TGTGGTAAGCACCGTC.1,1
TGTGGTAAGCTAACAA.1,4
TGTGGTAAGTGAAGAG.1,5
TGTGGTACACACTGCG.1,1
TGTGGTATCCAGGGCT.1,1
TGTGTTTAGACATAAC.1,2
TGTGTTTAGATCTGCT.1,1
TGTGTTTAGCCGATTT.1,10
TGTGTTTCAAAGGAAG.1,1
TGTGTTTCACATTTCT.1,8
TGTGTTTCAGTACACT.1,3
TGTGTTTCATGCCTTC.1,1
TGTGTTTCATGGGACA.1,1
TGTGTTTGTATTACCG.1,4
TGTGTTTGTTCGGGCT.1,1
TGTGTTTTCAATCACG.1,1
TGTGTTTTCAGCTCGG.1,6
TGTGTTTTCGGTGTCG.1,2
TGTGTTTTCGTATCAG.1,7
TGTTCCGAGAATAGGG.1,4
TGTTCCGAGCATCATC.1,3
TGTTCCGAGTACGATA.1,1
TGTTCCGCAAACCCAT.1,4
TGTTCCGCAGGAACGT.1,5
TGTTCCGCAGTAGAGC.1,1
TGTTCCGCAGTATAAG.1,4
TGTTCCGGTAGTACCT.1,1
TGTTCCGGTTCCGTCT.1,3
TGTTCCGTCCTCCTAG.1,3
TGTTCCGTCGTCGTTC.1,2
TGTTCCGTCTTAACCT.1,3
TTAACTCAGAAGATTC.1,6
TTAACTCAGTGGACGT.1,4
TTAACTCCAAAGGTGC.1,1
TTAACTCCACGGCTAC.1,4
TTAACTCGTTCACCTC.1,3
TTAACTCGTTCTGGTA.1,6
TTAACTCTCAATCTCT.1,1
TTAACTCTCAGTCCCT.1,2
TTAACTCTCGGCCGAT.1,4
TTAACTCTCTACTATC.1,3
TTAGGACAGCTTCGCG.1,4
TTAGGACAGGACCACA.1,3
TTAGGACAGGCCCTCA.1,4
TTAGGACCATCTCGCT.1,6
TTAGGACGTAGAAGGA.1,2
TTAGGACGTTACGACT.1,2
TTAGGACTCTACGAGT.1,5
TTAGGACTCTTTAGGG.1,6
TTAGGCAAGGGTCGAT.1,1
TTAGGCAAGTGAAGAG.1,3
TTAGGCACAAGCGATG.1,7
TTAGGCACAGGGCATA.1,4
TTAGGCAGTAAGAGGA.1,3
TTAGGCAGTCCCTACT.1,6
TTAGGCAGTGCTCTTC.1,5
TTAGGCATCCAAGTAC.1,7
TTAGGCATCGTTGACA.1,1
TTAGTTCAGGCACATG.1,1
TTAGTTCAGGCGTACA.1,7
TTAGTTCCAATCGGTT.1,4
TTAGTTCCACTTCTGC.1,4
TTAGTTCCATCACCCT.1,1
TTAGTTCTCACATAGC.1,3
TTAGTTCTCACGACTA.1,5
TTAGTTCTCATTATCC.1,3
TTATGCTAGGTCATCT.1,5
TTATGCTCAGGATTGG.1,2
TTATGCTCAGTATAAG.1,3
TTATGCTGTCTCATCC.1,3
TTATGCTGTCTGGTCG.1,6
TTATGCTTCACTTCAT.1,4
TTATGCTTCCAGGGCT.1,5
TTCCCAGAGATGCCTT.1,1
TTCCCAGAGGATATAC.1,6
TTCCCAGCAGTAGAGC.1,5
TTCCCAGGTATTAGCC.1,9
TTCCCAGGTATTCGTG.1,8
TTCCCAGGTTAAGAAC.1,2
TTCCCAGTCATCGATG.1,4
TTCCCAGTCGCAGGCT.1,6
TTCGAAGAGTTTAGGA.1,2
TTCGAAGAGTTTGCGT.1,5
TTCGAAGCAAAGCAAT.1,6
TTCGAAGCAATGTAAG.1,4
TTCGAAGCACACAGAG.1,4
TTCGAAGCACGACTCG.1,6
TTCGAAGCATCATCCC.1,8
TTCGAAGCATTAGGCT.1,1
TTCGAAGGTTCAACCA.1,3
TTCGAAGTCCGCATAA.1,3
TTCGAAGTCTGCGTAA.1,7
TTCGAAGTCTTGCATT.1,7
TTCGGTCAGCCAGGAT.1,7
TTCGGTCAGGGAGTAA.1,1
TTCGGTCAGTTGCAGG.1,7
TTCGGTCCACAGAGGT.1,3
TTCGGTCGTAAGCACG.1,1
TTCGGTCGTAAGGGCT.1,4
TTCGGTCGTCATCCCT.1,2
TTCGGTCTCAACGGCC.1,5
TTCGGTCTCCCTCAGT.1,3
TTCGGTCTCCTTTCGG.1,7
TTCTACAAGGGCTTCC.1,1
TTCTACACACATTTCT.1,1
TTCTACAGTGCAACGA.1,1
TTCTACAGTTGTGGAG.1,5
TTCTACATCTGCAGTA.1,1
TTCTCAAAGCTGAAAT.1,3
TTCTCAAAGTGCGATG.1,4
TTCTCAAAGTGGTAGC.1,5
TTCTCAAGTACTCAAC.1,3
TTCTCAAGTAGCAAAT.1,6
TTCTCCTAGCAAATCA.1,1
TTCTCCTAGGTCGGAT.1,1
TTCTCCTCAGATCGGA.1,5
TTCTCCTCAGGGTACA.1,5
TTCTCCTCATTGTGCA.1,6
TTCTCCTGTCACAAGG.1,2
TTCTCCTGTCGAACAG.1,7
TTCTCCTGTTTGGGCC.1,3
TTCTCCTTCAACCAAC.1,4
TTCTCCTTCCTAGTGA.1,2
TTCTTAGAGATGTCGG.1,4
TTCTTAGAGGACACCA.1,4
TTCTTAGAGGGTATCG.1,9
TTCTTAGCAAGTTAAG.1,2
TTCTTAGCAATCAGAA.1,3
TTCTTAGCAGACACTT.1,6
TTCTTAGCAGATTGCT.1,2
TTCTTAGCATATACGC.1,1
TTCTTAGGTACTTCTT.1,2
TTCTTAGGTATTAGCC.1,6
TTCTTAGGTGATGTCT.1,5
TTCTTAGTCATCTGCC.1,2
TTCTTAGTCATCTGTT.1,2
TTCTTAGTCCAAGCCG.1,6
TTGAACGAGCTGAACG.1,5
TTGAACGCAGACACTT.1,2
TTGAACGCATGGTCTA.1,9
TTGAACGGTGTTGAGG.1,5
TTGAACGTCGGTCTAA.1,10
TTGAACGTCGTACCGG.1,2
TTGACTTAGCGTGAAC.1,1
TTGACTTAGTCATCCA.1,1
TTGACTTCAAATACAG.1,4
TTGACTTCAAGGACAC.1,9
TTGACTTGTAAGGGCT.1,4
TTGACTTGTACCCAAT.1,3
TTGACTTGTCACCCAG.1,1
TTGACTTGTCATGCAT.1,6
TTGACTTGTGATAAAC.1,1
TTGACTTGTTCAGCGC.1,1
TTGACTTTCCAAATGC.1,1
TTGACTTTCCGGGTGT.1,7
TTGACTTTCGCCTGAG.1,4
TTGCCGTAGCACACAG.1,2
TTGCCGTCAGTCCTTC.1,1
TTGCCGTGTACTCGCG.1,8
TTGCCGTGTAGCTTGT.1,2
TTGCGTCAGGGATCTG.1,5
TTGCGTCCAAGCGCTC.1,1
TTGCGTCCACCCATTC.1,1
TTGCGTCCATTTGCCC.1,2
TTGCGTCGTCCCGACA.1,5
TTGCGTCGTGCACTTA.1,6
TTGCGTCTCGTTTAGG.1,4
TTGGAACAGAAGGACA.1,3
TTGGAACCAAATACAG.1,1
TTGGAACCACTGTGTA.1,4
TTGGAACGTCGCATAT.1,2
TTGGAACGTGATGTGG.1,9
TTGGAACTCGAATCCA.1,10
TTGGAACTCGAGAACG.1,9
TTGGAACTCGCATGAT.1,2
TTGGCAAAGATCCTGT.1,4
TTGGCAACAAAGTGCG.1,5
TTGGCAACAATGGTCT.1,3
TTGGCAACAGACGCCT.1,3
TTGGCAACAGAGCCAA.1,5
TTGGCAACAGTCTTCC.1,1
TTGGCAACATGTTCCC.1,4
TTGGCAAGTTACTGAC.1,8
TTGGCAATCCAATGGT.1,6
TTGGCAATCTCACATT.1,5
TTGTAGGAGATAGGAG.1,10
TTGTAGGAGGAATTAC.1,3
TTGTAGGAGTGAAGAG.1,5
TTGTAGGGTACAGCAG.1,5
TTGTAGGGTATGGTTC.1,3
TTTACTGAGTACGATA.1,1
TTTACTGCAGTTCCCT.1,5
TTTACTGGTCAACTGT.1,9
TTTACTGGTTGAGGTG.1,4
TTTACTGTCAGAAATG.1,2
TTTATGCAGTTGCAGG.1,9
TTTATGCCACTTGGAT.1,1
TTTATGCCATTCGACA.1,2
TTTATGCGTGCACCAC.1,2
TTTATGCTCCCAAGAT.1,2
TTTATGCTCCCTGACT.1,1
TTTATGCTCCGAATGT.1,2
TTTATGCTCGCATGGC.1,4
TTTATGCTCTTAGAGC.1,2
TTTCCTCAGAAACGCC.1,1
TTTCCTCAGCATGGCA.1,4
TTTCCTCAGCGGATCA.1,10
TTTCCTCAGCGTGAAC.1,5
TTTCCTCAGTTGTCGT.1,6
TTTCCTCCAATCCGAT.1,8
TTTCCTCCACACTGCG.1,7
TTTCCTCGTACACCGC.1,4
TTTCCTCGTGTGACGA.1,6
TTTCCTCTCAGGCGAA.1,3
TTTGCGCAGTCTCCTC.1,5
TTTGCGCCATGTCTCC.1,1
TTTGGTTAGTGAACGC.1,3
TTTGGTTCAAGTTGTC.1,4
TTTGGTTCACAACGTT.1,8
TTTGGTTCATCCAACA.1,3
TTTGGTTCATGGATGG.1,2
TTTGGTTGTGTCTGAT.1,3
TTTGGTTTCAGTGTTG.1,2
TTTGGTTTCCAAACAC.1,3
TTTGGTTTCCACGCAG.1,7
TTTGGTTTCGCGTTTC.1,5
TTTGTCAAGACTAGGC.1,4
TTTGTCAAGAGCTTCT.1,1
TTTGTCAAGCTGCGAA.1,4
TTTGTCACAATGGAAT.1,9
TTTGTCACAGTCGTGC.1,1
TTTGTCACATCCTAGA.1,2
TTTGTCAGTCCATGAT.1,7
